drug_id,drug_name,atc_code
CID100000085,Carnitine,A16AA01
CID100000119,Gamma-Aminobutyric,L03AA03
CID100000119,Gamma-Aminobutyric,N03AG03
CID100000137,5-Aminolevulinic,L01XD04
CID100000143,Leucovorin,V03AF03
CID100000143,Leucovorin,V03AF04
CID100000143,Leucovorin,V03AF06
CID100000146,5-Methyltetrahydrofolate,
CID100000158,Pge2,G02AD02
CID100000159,Prostacyclin,B01AC09
CID100000160,Prostaglandin,G02AD01
CID100000175,Acetate,G01AD02
CID100000175,Acetate,S02AA10
CID100000187,Acetylcholine,S01EB09
CID100000191,Adenosine,C01EB10
CID100000191,Adenosine,J05AB03
CID100000191,Adenosine,S01AD06
CID100000206,Glucose,A12AA07
CID100000206,Glucose,A12BA01
CID100000206,Glucose,A12CA01
CID100000206,Glucose,B05CB01
CID100000206,Glucose,B05CX01
CID100000206,Glucose,B05XA01
CID100000206,Glucose,B05XA03
CID100000206,Glucose,B05XA07
CID100000206,Glucose,G04BA03
CID100000206,Glucose,V04CA02
CID100000206,Glucose,V04CE01
CID100000206,Glucose,V06DC01
CID100000214,Pge1,C01EA01
CID100000214,Pge1,G04BE01
CID100000222,Ammonia,
CID100000232,Arginine,B05XB01
CID100000244,Benzyl,
CID100000247,Betaine,A09AB02
CID100000247,Betaine,A16AA06
CID100000271,Calcium,A07XA03
CID100000271,Calcium,A12AA20
CID100000297,Graphene,
CID100000298,Chloramphenicol,D06AX02
CID100000298,Chloramphenicol,D10AF03
CID100000298,Chloramphenicol,G01AA05
CID100000298,Chloramphenicol,J01BA01
CID100000298,Chloramphenicol,S01AA01
CID100000298,Chloramphenicol,S02AA01
CID100000298,Chloramphenicol,S03AA08
CID100000303,Bile,A05AA03
CID100000305,Choline,
CID100000311,Citric,A09AB04
CID100000312,Chloride,A09AB03
CID100000312,Chloride,B05XA13
CID100000338,Salicylate,D01AE12
CID100000338,Salicylate,N02BA04
CID100000338,Salicylate,N02BA12
CID100000338,Salicylate,S01BC08
CID100000401,D-Cycloserine,J04AB01
CID100000444,Bupropion,N06AX12
CID100000450,Estradiol,G03CA03
CID100000450,Estradiol,L02AA02
CID100000453,Mannitol,A06AD16
CID100000453,Mannitol,A06AD18
CID100000453,Mannitol,A06AG07
CID100000453,Mannitol,B05BC01
CID100000453,Mannitol,B05CX02
CID100000453,Mannitol,B05CX04
CID100000453,Mannitol,V04CC01
CID100000564,Eaca,B02AA01
CID100000581,N-Acetylcysteine,R05CB01
CID100000581,N-Acetylcysteine,S01XA08
CID100000581,N-Acetylcysteine,V03AB23
CID100000596,Cytarabine,L01BC01
CID100000598,Mesna,R05CB05
CID100000598,Mesna,V03AF01
CID100000612,Lactate,G01AD01
CID100000679,Dmso,G04BX13
CID100000679,Dmso,M02AX03
CID100000681,Dopamine,C01CA04
CID100000698,Estrone,G03CA07
CID100000698,Estrone,G03CC04
CID100000699,Oestrogen,
CID100000700,Monoethanolamine,
CID100000727,Lindane,P03AB02
CID100000738,Glutamine,A16AA03
CID100000750,Glycine,B05CX03
CID100000753,Glycerol,A06AG04
CID100000753,Glycerol,A06AX01
CID100000767,Bicarbonate,
CID100000772,Lmwh,B01AB05
CID100000774,Histamine,L03AX14
CID100000774,Histamine,V04CG03
CID100000785,Quinol,D11AX11
CID100000813,Potassium,
CID100000815,Kanamycin,A07AA08
CID100000815,Kanamycin,J01GB04
CID100000815,Kanamycin,S01AA24
CID100000838,Epinephrine,A01AD01
CID100000838,Epinephrine,B02BC09
CID100000838,Epinephrine,C01CA24
CID100000838,Epinephrine,R01AA14
CID100000838,Epinephrine,R03AA01
CID100000838,Epinephrine,S01EA01
CID100000853,Thyroxine,C10AX01
CID100000853,Thyroxine,H03AA01
CID100000861,Triiodothyronine,H03AA02
CID100000888,Magnesium,A12CC30
CID100000896,Melatonin,N05CH01
CID100000923,Sodium,
CID100000937,Niacin,C04AC01
CID100000937,Niacin,C10AD02
CID100000942,Nicotine,N07BA01
CID100000946,Nitrite,
CID100000948,Nitrous,N01AX13
CID100000951,Norepinephrine,C01CA03
CID100000961,Hydroxyl,
CID100001003,Phosphate,
CID100001046,Pyrazinamide,J04AK01
CID100001054,Pyridoxine,A11HA02
CID100001065,Quinidine,C01BA01
CID100001065,Quinidine,P01BC01
CID100001071,Retinol,A11CA01
CID100001071,Retinol,D10AD02
CID100001071,Retinol,R01AX02
CID100001071,Retinol,S01XA02
CID100001084,Thiosulfate,V03AB06
CID100001125,Tetrahydrobiopterin,A16AX07
CID100001130,Thiamine,A11DA01
CID100001134,Thymidine,J05AF11
CID100001206,Methamphetamine,N06BA03
CID100001301,Naproxen,G02CC02
CID100001301,Naproxen,M01AE02
CID100001301,Naproxen,M02AA12
CID100001546,Cladribine,L01BB04
CID100001690,Doxorubicin,L01DB01
CID100001690,Doxorubicin,L01DB03
CID100001727,4-Ap,
CID100001775,Phenytoin,N03AB02
CID100001798,Methazolamide,S01EC05
CID100001805,5-Azacytidine,L01BC07
CID100001875,Methylprednisolone,
CID100001971,Abacavir,J05AF06
CID100001972,Amphotericin,A01AB04
CID100001972,Amphotericin,A07AA07
CID100001972,Amphotericin,G01AA03
CID100001972,Amphotericin,J02AA01
CID100001978,Acebutolol,C07AB04
CID100001983,Acetaminophen,N02BE01
CID100001986,Acetazolamide,S01EC01
CID100001990,Acetohydroxamic,G04BX03
CID100001993,Methacholine,
CID100002019,Actinomycin,L01DA01
CID100002021,Spectinomycin,J01XX04
CID100002022,Acyclovir,D06BB03
CID100002022,Acyclovir,J05AB01
CID100002022,Acyclovir,S01AD03
CID100002082,Albendazole,P02CA03
CID100002083,Salbutamol,R03AC02
CID100002083,Salbutamol,R03CC02
CID100002085,Almeta,
CID100002088,Alendronate,M05BA04
CID100002092,Alfuzosin,G04CA01
CID100002094,Allopurinol,M04AA01
CID100002099,Alosetron,A03AE01
CID100002118,Alprazolam,N05BA12
CID100002123,Hexamethylmelamine,L01XX03
CID100002130,Amantadine,N04BB01
CID100002133,Amcinonide,D07AC11
CID100002140,Diatrizoate,V08AA01
CID100002141,Amifostine,V03AF05
CID100002142,Amikacin,D06AX12
CID100002142,Amikacin,J01GB06
CID100002142,Amikacin,S01AA21
CID100002145,Aminoglutethimide,L02BG01
CID100002148,P-Aminohippurate,V04CH30
CID100002153,Theophylline,R03DA04
CID100002156,Amiodarone,C01BD01
CID100002159,Amisulpride,N05AL05
CID100002160,Amitriptyline,N06AA09
CID100002161,Amlexanox,A01AD07
CID100002161,Amlexanox,R03DX01
CID100002162,Amlodipine,C08CA01
CID100002163,Amobarbital,N05CA02
CID100002168,Amorolfine,D01AE16
CID100002170,Amoxapine,N06AA17
CID100002171,Amoxicillin,J01CA04
CID100002173,Ampicillin,J01CA01
CID100002173,Ampicillin,S01AA19
CID100002177,Amprenavir,J05AE05
CID100002179,Amsacrine,L01XX01
CID100002182,Anagrelide,L01XX35
CID100002187,Anastrozole,L02BG03
CID100002215,Apomorphine,G04BE07
CID100002215,Apomorphine,N04BC07
CID100002216,Apraclonidine,S01EA03
CID100002232,Argatroban,B01AE03
CID100002244,Aspirin,A01AD05
CID100002244,Aspirin,B01AC06
CID100002244,Aspirin,N02BA01
CID100002249,Atenolol,C07AB03
CID100002249,Atenolol,C07AB11
CID100002250,Atorvastatin,C10AA05
CID100002265,Azathioprine,L04AX01
CID100002266,Azelaic,D10AX03
CID100002267,Azelastine,R01AC03
CID100002267,Azelastine,R06AX19
CID100002267,Azelastine,S01GX07
CID100002269,Azithromycin,J01FA10
CID100002269,Azithromycin,S01AA26
CID100002274,Aztreonam,J01DF01
CID100002284,Baclofen,M03BX01
CID100002307,Beclomethasone,A07EA07
CID100002307,Beclomethasone,D07AC15
CID100002307,Beclomethasone,R01AD01
CID100002307,Beclomethasone,R03BA01
CID100002308,Beclomethasone,
CID100002311,Benazepril,C09AA07
CID100002315,Bendrofluazide,C03AA01
CID100002337,Benzocaine,C05AD03
CID100002337,Benzocaine,D04AB04
CID100002337,Benzocaine,N01BA05
CID100002337,Benzocaine,R02AD01
CID100002341,Benzphetamine,
CID100002344,Benztropine,N04AC01
CID100002345,Benzyl,P03AX01
CID100002349,Penicillin,J01CE01
CID100002349,Penicillin,S01AA14
CID100002350,Bepotastine,
CID100002351,Bepridil,C08EA02
CID100002366,Betahistine,N07CA01
CID100002367,Dexamethasone,
CID100002369,Betaxolol,C07AB05
CID100002369,Betaxolol,S01ED02
CID100002370,Bethanechol,N07AB02
CID100002375,Bicalutamide,L02BB03
CID100002391,Bisacodyl,A06AB02
CID100002391,Bisacodyl,A06AG02
CID100002405,Bisoprolol,C07AB07
CID100002431,Bretylium,C01BD02
CID100002435,Brimonidine,S01EA05
CID100002441,Bromazepam,N05BA08
CID100002442,Bromhexine,R05CB02
CID100002443,Bromocriptine,G02CB01
CID100002443,Bromocriptine,N04BC01
CID100002462,Budesonide,A07EA06
CID100002462,Budesonide,D07AC09
CID100002462,Budesonide,R01AD05
CID100002462,Budesonide,R03BA02
CID100002471,Bumetanide,C03CA02
CID100002474,Bupivacaine,N01BB01
CID100002474,Bupivacaine,N01BB10
CID100002476,Buprenorphine,N02AE01
CID100002476,Buprenorphine,N07BC01
CID100002477,Buspirone,N05BE01
CID100002478,Busulfan,L01AB01
CID100002479,Butabarbital,
CID100002484,Butenafine,D01AE23
CID100002487,Butorphanol,N02AF01
CID100002512,Cabergoline,G02CB03
CID100002512,Cabergoline,N04BC06
CID100002519,Caffeine,N06BC01
CID100002520,Verapamil,C08DA01
CID100002522,Calcipotriol,D05AX02
CID100002524,"1,25(Oh)2D3",A11CC04
CID100002524,"1,25(Oh)2D3",D05AX03
CID100002540,Candesartan,
CID100002541,Candesartan,C09CA06
CID100002547,Capreomycin,J04AB30
CID100002548,Capsaicin,M02AB01
CID100002548,Capsaicin,M02AB02
CID100002548,Capsaicin,N01BX04
CID100002550,Captopril,C09AA01
CID100002551,Carbachol,N07AB01
CID100002551,Carbachol,S01EB02
CID100002554,Carbamazepine,N03AF01
CID100002559,Carbenicillin,J01CA03
CID100002563,Carbidopa,
CID100002564,Carbinoxamine,R06AA08
CID100002576,Carisoprodol,M03BA02
CID100002578,Bcnu,L01AD01
CID100002583,Carteolol,C07AA15
CID100002583,Carteolol,S01ED05
CID100002585,Carvedilol,C07AG02
CID100002609,Cefaclor,J01DC04
CID100002610,Cefadroxil,J01DB05
CID100002617,Cefazolin,J01DB04
CID100002622,Cefepime,J01DE01
CID100002631,Cefotaxime,J01DD01
CID100002637,Cefoxitin,J01DC01
CID100002646,Cefprozil,J01DC10
CID100002650,Ceftazidime,J01DD02
CID100002654,Cephem,J01DD14
CID100002655,Ceftizoxime,J01DD07
CID100002656,Ceftriaxone,J01DD04
CID100002658,Cefuroxime,J01DC02
CID100002662,Celecoxib,L01XX33
CID100002662,Celecoxib,M01AH01
CID100002663,Celiprolol,C07AB08
CID100002666,Cephalexin,J01DB01
CID100002675,Cefixime,J01DD08
CID100002676,Cerivastatin,C10AA06
CID100002678,Cetirizine,R06AE07
CID100002678,Cetirizine,R06AE09
CID100002684,Cevimeline,N07AX03
CID100002708,Chlorambucil,L01AA02
CID100002712,Chlordiazepoxide,N05BA02
CID100002713,Chlorhexidine,A01AB03
CID100002713,Chlorhexidine,B05CA02
CID100002713,Chlorhexidine,D08AC02
CID100002713,Chlorhexidine,D09AA12
CID100002713,Chlorhexidine,R02AA05
CID100002713,Chlorhexidine,S01AX09
CID100002713,Chlorhexidine,S02AA09
CID100002713,Chlorhexidine,S03AA04
CID100002719,Chloroquine,N06DX02
CID100002719,Chloroquine,P01BA01
CID100002720,Thiazide,C03AA04
CID100002725,Chlorpheniramine,R06AB02
CID100002725,Chlorpheniramine,R06AB04
CID100002726,Chlorpromazine,N05AA01
CID100002727,Chlorpropamide,A10BB02
CID100002732,Chlorthalidone,C03BA04
CID100002733,Chlorzoxazone,M03BB03
CID100002749,Ciclopirox,D01AE14
CID100002749,Ciclopirox,G01AX12
CID100002751,Cilazapril,C09AA08
CID100002754,Cilostazol,
CID100002756,Cimetidine,A02BA01
CID100002762,Cinoxacin,J01MB06
CID100002764,Ciprofloxacin,J01MA02
CID100002764,Ciprofloxacin,S01AX13
CID100002764,Ciprofloxacin,S02AA15
CID100002764,Ciprofloxacin,S03AA07
CID100002767,Cisplatin,L01XA01
CID100002771,Citalopram,N06AB04
CID100002771,Citalopram,N06AB10
CID100002781,Clemastine,D04AA14
CID100002781,Clemastine,R06AA04
CID100002786,Clindamycin,D10AF01
CID100002786,Clindamycin,G01AA10
CID100002786,Clindamycin,J01FF01
CID100002789,Clobazam,N05BA09
CID100002791,Clobetasol,
CID100002792,Clobetasone,D07AB01
CID100002792,Clobetasone,S01BA09
CID100002794,Clofazimine,J04BA01
CID100002800,Clomiphene,G03GB02
CID100002801,Clomipramine,N06AA04
CID100002802,Clonazepam,N03AE01
CID100002803,Clonidine,C02AC01
CID100002803,Clonidine,N02CX02
CID100002803,Clonidine,S01EA04
CID100002806,Clopidogrel,B01AC04
CID100002809,Clorazepate,
CID100002812,Clotrimazole,A01AB18
CID100002812,Clotrimazole,D01AC01
CID100002812,Clotrimazole,G01AF02
CID100002818,Clozapine,N05AH02
CID100002826,Cocaine,N01BC01
CID100002826,Cocaine,R02AD03
CID100002826,Cocaine,S01HA01
CID100002826,Cocaine,S02DA02
CID100002828,Codeine,R05DA04
CID100002833,Colchicine,M04AC01
CID100002881,Sodium,A07EB01
CID100002881,Sodium,D11AH03
CID100002881,Sodium,R01AC01
CID100002881,Sodium,R03BC01
CID100002881,Sodium,S01GX01
CID100002883,Crotamiton,
CID100002891,Cyanocobalamin,B03BA01
CID100002895,Cyclobenzaprine,M03BX08
CID100002905,Cyclopentolate,S01FA04
CID100002907,Cyclophosphamide,L01AA01
CID100002909,V,L04AD01
CID100002909,V,S01XA18
CID100002913,Cyproheptadine,R06AX02
CID100002914,Cyproterone,
CID100002949,Danazol,G03XA01
CID100002951,Dantrolene,M03CA01
CID100002955,Dapsone,D10AX05
CID100002955,Dapsone,J04BA02
CID100002958,Anthracycline,L01DB02
CID100002972,Deferiprone,V03AC02
CID100002973,Deferoxamine,V03AC01
CID100002978,Delta,A04AD10
CID100002995,Desipramine,N06AA01
CID100003000,Desoximetasone,D07AC03
CID100003000,Desoximetasone,D07XC02
CID100003003,Dexamethasone,A01AC02
CID100003003,Dexamethasone,A07EA04
CID100003003,Dexamethasone,C05AA05
CID100003003,Dexamethasone,C05AA09
CID100003003,Dexamethasone,D07AB19
CID100003003,Dexamethasone,D07AC01
CID100003003,Dexamethasone,D07XB05
CID100003003,Dexamethasone,D07XC01
CID100003003,Dexamethasone,D10AA03
CID100003003,Dexamethasone,H02AB01
CID100003003,Dexamethasone,H02AB02
CID100003003,Dexamethasone,R01AD03
CID100003003,Dexamethasone,R01AD06
CID100003003,Dexamethasone,R03BA04
CID100003003,Dexamethasone,S01BA01
CID100003003,Dexamethasone,S01BA06
CID100003003,Dexamethasone,S01CB01
CID100003003,Dexamethasone,S01CB04
CID100003003,Dexamethasone,S02BA06
CID100003003,Dexamethasone,S02BA07
CID100003003,Dexamethasone,S03BA01
CID100003003,Dexamethasone,S03BA03
CID100003007,Amphetamine,N06BA01
CID100003007,Amphetamine,N06BA02
CID100003008,Dextromethorphan,R05DA09
CID100003009,Dfmo,D11AX16
CID100003009,Dfmo,P01CX03
CID100003015,Cyproterone,G03HA01
CID100003016,Diazepam,N05BA01
CID100003019,Diazoxide,C02DA01
CID100003019,Diazoxide,V03AH01
CID100003032,Diclofenac,D11AX18
CID100003032,Diclofenac,M01AB05
CID100003032,Diclofenac,M02AA15
CID100003032,Diclofenac,S01BC03
CID100003038,Dichlorphenamide,S01EC02
CID100003040,Dicloxacillin,J01CF01
CID100003042,Dicyclomine,A03AA07
CID100003043,Didanosine,J05AF02
CID100003053,Diethylenetriaminepentaacetic,
CID100003056,Diflorasone,
CID100003059,Diflunisal,N02BA11
CID100003060,Epitopic,D07AC19
CID100003062,Digoxin,C01AA05
CID100003063,Dihydrocodeine,N02AA08
CID100003066,Dihydroergotamine,N02CA01
CID100003075,Diltiazem,C08DB01
CID100003080,Dimercaprol,V03AB09
CID100003100,Diphenhydramine,D04AA32
CID100003100,Diphenhydramine,N04AB01
CID100003100,Diphenhydramine,R06AA02
CID100003105,Dipivefrin,S01EA02
CID100003108,Dipyridamole,B01AC07
CID100003114,Disopyramide,C01BA03
CID100003117,Disulfiram,N07BB01
CID100003117,Disulfiram,P03AA04
CID100003121,Valproate,N03AG01
CID100003125,Alpha-Methyl-P-Tyrosine,C02KB01
CID100003143,Docetaxel,L01CD02
CID100003148,Dolasetron,A04AA04
CID100003151,Domperidone,A03FA03
CID100003152,Donepezil,N06DA02
CID100003154,Dorzolamide,S01EC03
CID100003155,Dothiepin,N06AA16
CID100003156,Doxapram,R07AB01
CID100003157,Doxazosin,C02CA04
CID100003158,Doxepin,N06AA12
CID100003168,Droperidol,N01AX01
CID100003168,Droperidol,N05AD08
CID100003171,L-Threo-Dops,
CID100003182,Dyphylline,R03DA01
CID100003198,Econazole,D01AC03
CID100003198,Econazole,G01AF05
CID100003199,Trabectedin,L01CX01
CID100003202,Edrophonium,
CID100003203,Efavirenz,J05AG03
CID100003209,Eicosapentaenoic,
CID100003219,Emedastine,S01GX06
CID100003222,Cas,C09AA02
CID100003226,Enflurane,N01AB04
CID100003241,Epinastine,R06AX24
CID100003241,Epinastine,S01GX10
CID100003249,Vitamin,A11CC01
CID100003250,Ergonovine,G02AB03
CID100003251,Ergotamine,N02CA02
CID100003255,Erythromycin,D10AF02
CID100003255,Erythromycin,J01FA01
CID100003255,Erythromycin,S01AA17
CID100003256,Monomycin,
CID100003261,Estazolam,N05CD04
CID100003263,Estradiol,
CID100003267,Estradiol,
CID100003268,Estramustine,
CID100003269,Estriol,G03CA04
CID100003269,Estriol,G03CC06
CID100003278,Ethacrynic,C03CC01
CID100003279,Ethambutol,J04AK02
CID100003291,Ethosuximide,N03AD01
CID100003292,Ethotoin,N03AB01
CID100003305,Etidronate,M05BA01
CID100003308,Etodolac,M01AB08
CID100003310,Etoposide,L01CB01
CID100003324,Famciclovir,J05AB09
CID100003324,Famciclovir,S01AD07
CID100003325,Famotidine,A02BA03
CID100003331,Felbamate,N03AX10
CID100003333,Felodipine,C08CA02
CID100003339,Fenofibrate,C10AB05
CID100003340,Fenoldopam,C01CA19
CID100003342,Fenoprofen,M01AE04
CID100003345,Fentanyl,N01AH01
CID100003345,Fentanyl,N02AB03
CID100003348,Fexofenadine,R06AX26
CID100003350,Finasteride,D11AX10
CID100003350,Finasteride,G04CB01
CID100003354,Flavoxate,G04BD02
CID100003355,Flecainide,C01BC04
CID100003363,Fdurd,
CID100003364,Flucloxacillin,J01CF05
CID100003365,Fluconazole,D01AC15
CID100003365,Fluconazole,J02AC01
CID100003366,5-Fluorocytosine,D01AE21
CID100003366,5-Fluorocytosine,J02AX01
CID100003367,Fludarabine,L01BB05
CID100003368,Famp,
CID100003370,Fludrocortisone,
CID100003372,Fluphenazine,N05AB02
CID100003373,Flumazenil,V03AB25
CID100003375,Flumethasone,D07AB03
CID100003375,Flumethasone,D07AC10
CID100003375,Flumethasone,D07XB01
CID100003379,Flunisolide,R01AD04
CID100003379,Flunisolide,R03BA03
CID100003380,Flunitrazepam,N05CD03
CID100003381,Fluocinolone,C05AA10
CID100003381,Fluocinolone,D07AC04
CID100003381,Fluocinolone,S01BA15
CID100003381,Fluocinolone,S02BA08
CID100003382,Fluocinonide,C05AA11
CID100003382,Fluocinonide,D07AC08
CID100003384,Fluorometholone,C05AA06
CID100003384,Fluorometholone,D07AB06
CID100003384,Fluorometholone,D07XB04
CID100003384,Fluorometholone,D10AA01
CID100003384,Fluorometholone,S01BA07
CID100003384,Fluorometholone,S01CB05
CID100003385,5-Fu,L01BC02
CID100003386,Fluoxetine,N06AB03
CID100003387,Fluoxymesterone,G03BA01
CID100003388,Fluphenazine,
CID100003392,Flurandrenolone,D07AC07
CID100003393,Flurazepam,N05CD01
CID100003394,Flurbiprofen,M01AE09
CID100003394,Flurbiprofen,M02AA19
CID100003394,Flurbiprofen,R02AX01
CID100003394,Flurbiprofen,S01BC04
CID100003397,Flutamide,L02BB01
CID100003399,Fluticasone,
CID100003403,Fluvastatin,C10AA04
CID100003404,Fluvoxamine,N06AB08
CID100003405,Folate,B03BB01
CID100003406,4-Methylpyrazole,V03AB34
CID100003410,Formoterol,R03AC13
CID100003414,Foscarnet,J05AD01
CID100003417,Fosfomycin,J01XX01
CID100003419,Fosinopril,C09AA09
CID100003425,Romidepsin,L01XX39
CID100003440,Furosemide,C03CA01
CID100003443,Fusidic,D06AX01
CID100003443,Fusidic,D09AA02
CID100003443,Fusidic,J01XC01
CID100003443,Fusidic,S01AA13
CID100003446,Gabapentin,N03AX12
CID100003449,Galantamine,N06DA04
CID100003454,Ganciclovir,J05AB06
CID100003454,Ganciclovir,S01AD09
CID100003461,Gemcitabine,L01BC05
CID100003462,Gemeprost,G02AD03
CID100003463,Gemfibrozil,C10AB04
CID100003467,Gentamicin,D06AX07
CID100003467,Gentamicin,J01GB03
CID100003467,Gentamicin,S01AA11
CID100003467,Gentamicin,S02AA14
CID100003467,Gentamicin,S03AA06
CID100003475,Gliclazide,A10BB09
CID100003476,Glimepiride,A10BB12
CID100003478,Glipizide,A10BB07
CID100003488,Glibenclamide,A10BB01
CID100003494,Glycopyrrolate,A03AB02
CID100003510,Granisetron,A04AA02
CID100003512,Griseofulvin,D01AA08
CID100003512,Griseofulvin,D01BA01
CID100003516,Guaifenesin,R05CA03
CID100003517,Icodextrin,
CID100003519,Guanfacine,C02AC02
CID100003520,Guanidinium,
CID100003553,Halcinonide,D07AD02
CID100003559,Haloperidol,N05AD01
CID100003598,Hexachlorophene,D08AE01
CID100003623,Homatropine,S01FA05
CID100003636,Buscopan,A03BB01
CID100003637,Hydralazine,C02DB02
CID100003639,Hydrochlorothiazide,C03AA03
CID100003640,Cortisol,A01AC03
CID100003640,Cortisol,A07EA02
CID100003640,Cortisol,C05AA01
CID100003640,Cortisol,D07AA02
CID100003640,Cortisol,D07XA01
CID100003640,Cortisol,H02AB09
CID100003640,Cortisol,S01BA02
CID100003640,Cortisol,S01CB03
CID100003640,Cortisol,S02BA01
CID100003642,Hydrocortisone,D07AB02
CID100003647,Hydroflumethiazide,C03AA02
CID100003648,Hydromorphone,N02AA03
CID100003652,Hydroxychloroquine,P01BA02
CID100003657,Hydroxyurea,L01XX05
CID100003658,Hydroxyzine,N05BB01
CID100003661,Atropine,A03BA01
CID100003661,Atropine,A03BA03
CID100003661,Atropine,S01FA01
CID100003661,Atropine,V03AB14
CID100003672,Ibuprofen,C01EB16
CID100003672,Ibuprofen,G02CC01
CID100003672,Ibuprofen,M01AE01
CID100003672,Ibuprofen,M01AE14
CID100003672,Ibuprofen,M02AA13
CID100003675,Phenelzine,N06AF03
CID100003676,Lidocaine,C01BB01
CID100003676,Lidocaine,C05AD01
CID100003676,Lidocaine,D04AB01
CID100003676,Lidocaine,N01BB02
CID100003676,Lidocaine,R02AD02
CID100003676,Lidocaine,S01HA07
CID100003676,Lidocaine,S02DA01
CID100003685,Idarubicin,L01DB06
CID100003687,Idurd,D06BB01
CID100003687,Idurd,J05AB02
CID100003687,Idurd,S01AD01
CID100003690,Ifosfamide,L01AA06
CID100003696,Imipramine,N06AA02
CID100003702,Indapamide,C03BA11
CID100003706,Indinavir,J05AE02
CID100003715,Indomethacin,C01EB03
CID100003715,Indomethacin,M01AB01
CID100003715,Indomethacin,M02AA23
CID100003715,Indomethacin,S01BC01
CID100003724,Iodixanol,V08AB09
CID100003730,Iohexol,V08AB02
CID100003734,Iopamidol,V08AB04
CID100003736,Iopromide,V08AB05
CID100003737,Sodium,V08AA04
CID100003738,Iotrolan,V08AB06
CID100003739,Iodipamide,V08AC04
CID100003741,Ioversol,V08AB07
CID100003742,Ioxaglate,V08AB03
CID100003743,Ioxilan,V08AB12
CID100003746,Ipratropium,R01AX03
CID100003746,Ipratropium,R03BB01
CID100003749,Irbesartan,C09CA04
CID100003750,Irinotecan,L01XX19
CID100003759,Isocarboxazid,N06AF01
CID100003763,Isoflurane,N01AB06
CID100003767,Isoniazid,J04AC01
CID100003777,Isopropyl,
CID100003779,Isoproterenol,C01CA02
CID100003779,Isoproterenol,R03AB02
CID100003779,Isoproterenol,R03CB01
CID100003780,Isosorbide,C01DA08
CID100003780,Isosorbide,C05AE02
CID100003783,Isoxsuprine,C04AA01
CID100003784,Isradipine,C08CA03
CID100003793,Itraconazole,J02AC02
CID100003821,Ketamine,N01AX03
CID100003821,Ketamine,N01AX14
CID100003823,Ketoconazole,D01AC08
CID100003823,Ketoconazole,G01AF11
CID100003823,Ketoconazole,J02AB02
CID100003825,Ketoprofen,M01AE03
CID100003825,Ketoprofen,M01AE17
CID100003825,Ketoprofen,M02AA10
CID100003826,Ketorolac,M01AB15
CID100003826,Ketorolac,S01BC05
CID100003827,Ketotifen,R06AX17
CID100003827,Ketotifen,S01GX08
CID100003830,Cytokinin,B06AA03
CID100003848,Phenyllactate,
CID100003869,Labetalol,C07AG01
CID100003872,Lactulose,A06AD11
CID100003877,Lamivudine,J05AF05
CID100003878,Lamotrigine,N03AX09
CID100003883,Lansoprazole,A02BC03
CID100003890,Latanoprost,S01EE01
CID100003899,Leflunomide,L04AA13
CID100003902,Letrozole,L02BG04
CID100003911,Leuprorelin,L02AE02
CID100003914,Levobunolol,S01ED03
CID100003915,Levocabastine,R01AC02
CID100003915,Levocabastine,S01GX02
CID100003916,Levomepromazine,N05AA02
CID100003918,Dextrorphan,
CID100003928,Lincomycin,J01FF02
CID100003929,Linezolid,J01XX08
CID100003937,Lisinopril,C09AA03
CID100003938,Lisuride,G02CB02
CID100003938,Lisuride,N02CA07
CID100003939,Lioh,
CID100003948,Lomefloxacin,J01MA07
CID100003948,Lomefloxacin,S01AX17
CID100003950,Lomustine,L01AD02
CID100003954,Loperamide,A07DA03
CID100003957,Loratadine,R06AX13
CID100003958,Lorazepam,N05BA06
CID100003961,Losartan,C09CA01
CID100003962,Lovastatin,C10AA02
CID100003964,Loxapine,N05AH01
CID100003998,Mafenide,D06BA03
CID100004004,Malathion,P03AX03
CID100004011,Maprotiline,N06AA21
CID100004030,Mebendazole,P02CA01
CID100004031,Mebeverine,A03AA04
CID100004032,Mecamylamine,C02BB01
CID100004033,Nitrogen,L01AA05
CID100004034,Monamine,R06AE05
CID100004036,Meclofenamate,M01AG04
CID100004036,Meclofenamate,M02AA18
CID100004042,Medroxyprogesterone,
CID100004043,Medrysone,S01BA08
CID100004044,Mefenamic,M01AG01
CID100004046,Mefloquine,P01BC02
CID100004048,Megestrol,
CID100004051,Meloxicam,M01AC06
CID100004053,Melphalan,L01AA03
CID100004054,Memantine,N06DX01
CID100004057,Cantril,A03AB12
CID100004058,Meperidine,N02AB02
CID100004060,Mephenytoin,N03AB04
CID100004062,Mepivacaine,N01BB03
CID100004064,Meprobamate,N05BC01
CID100004075,5-Asa,A07EC02
CID100004086,Metaproterenol,R03AB03
CID100004086,Metaproterenol,R03CB03
CID100004091,Metformin,A10BA02
CID100004095,Methadone,N07BC02
CID100004101,Methenamine,J01XX05
CID100004107,Methocarbamol,M03BA03
CID100004112,Methotrexate,L01BA01
CID100004112,Methotrexate,L04AX03
CID100004114,8-Mop,D05AD02
CID100004114,8-Mop,D05BA02
CID100004120,N-Methylscopolamine,A03BB03
CID100004120,N-Methylscopolamine,S01FA03
CID100004121,Methyclothiazide,C03AA08
CID100004138,Methyldopa,C02AB01
CID100004138,Methyldopa,C02AB02
CID100004139,Methylene,V03AB17
CID100004139,Methylene,V04CG05
CID100004140,Methylergometrine,G02AB01
CID100004158,Methylphenidate,N06BA04
CID100004158,Methylphenidate,N06BA11
CID100004159,Methylprednisolone,D07AA01
CID100004159,Methylprednisolone,D10AA02
CID100004159,Methylprednisolone,H02AB04
CID100004160,Methyltestosterone,G03BA02
CID100004160,Methyltestosterone,G03EK01
CID100004163,Methysergide,N02CA04
CID100004168,Metoclopramide,A03FA01
CID100004170,Metolazone,C03BA08
CID100004171,Metoprolol,C07AB02
CID100004173,Metronidazole,A01AB17
CID100004173,Metronidazole,D06BX01
CID100004173,Metronidazole,G01AF01
CID100004173,Metronidazole,J01XD01
CID100004173,Metronidazole,P01AB01
CID100004174,Metyrapone,V04CD01
CID100004178,Mexiletine,C01BB02
CID100004184,Mianserin,N06AX03
CID100004189,Miconazole,A01AB09
CID100004189,Miconazole,A07AC01
CID100004189,Miconazole,D01AC02
CID100004189,Miconazole,G01AF04
CID100004189,Miconazole,J02AB01
CID100004189,Miconazole,S02AA13
CID100004192,Midazolam,N05CD08
CID100004195,Midodrine,C01CA17
CID100004196,Mifepristone,G03XB01
CID100004197,Milrinone,C01CE02
CID100004201,Minoxidil,C02DC01
CID100004201,Minoxidil,D11AX01
CID100004205,Mirtazapine,N06AX11
CID100004211,Mitotane,L01XX23
CID100004212,Mitoxantrone,L01DB07
CID100004235,Moclobemide,N06AG02
CID100004236,Modafinil,N06BA07
CID100004240,Mometasone,
CID100004248,Montelukast,R03DC03
CID100004253,Morphine,N02AA01
CID100004259,Moxifloxacin,J01MA14
CID100004259,Moxifloxacin,S01AX22
CID100004264,Mupirocin,D06AX09
CID100004264,Mupirocin,R01AX06
CID100004271,Mycophenolate,
CID100004272,Mycophenolic,L04AA06
CID100004274,Tetrofosmin,
CID100004409,Nabumetone,M01AX01
CID100004411,Nadolol,C07AA12
CID100004419,Nalbuphine,N02AF02
CID100004421,Nalidixic,J01MB02
CID100004422,Nalmefene,
CID100004425,Naloxone,V03AB15
CID100004428,Naltrexone,N07BB04
CID100004432,Nandrolone,
CID100004436,Naphazoline,R01AA08
CID100004436,Naphazoline,R01AB02
CID100004436,Naphazoline,S01GA01
CID100004440,Naratriptan,N02CC02
CID100004443,Nateglinide,A10BX03
CID100004449,Nefazodone,N06AX06
CID100004450,Nefopam,N02BG06
CID100004451,Nelfinavir,J05AE04
CID100004454,Neomycin,A01AB08
CID100004454,Neomycin,A07AA01
CID100004454,Neomycin,B05CA09
CID100004454,Neomycin,D06AX04
CID100004454,Neomycin,D09AA01
CID100004454,Neomycin,J01GB05
CID100004454,Neomycin,R01AX08
CID100004454,Neomycin,R02AB01
CID100004454,Neomycin,S01AA03
CID100004454,Neomycin,S01AA07
CID100004454,Neomycin,S02AA07
CID100004454,Neomycin,S03AA01
CID100004456,Neostigmine,N07AA01
CID100004456,Neostigmine,S01EB06
CID100004463,Nevirapine,J05AG01
CID100004473,Nicardipine,C08CA04
CID100004485,Nifedipine,C08CA05
CID100004493,Nilutamide,L02BB02
CID100004497,Nimodipine,C08CA06
CID100004499,Nisoldipine,C08CA07
CID100004506,Nitrazepam,N05CD02
CID100004509,Nitrofurantoin,J01XE01
CID100004510,Nitroglycerin,C01DA02
CID100004510,Nitroglycerin,C05AE01
CID100004513,Nizatidine,A02BA04
CID100004536,Norethisterone,G03AC01
CID100004536,Norethisterone,G03DC02
CID100004539,Norfloxacin,J01MA06
CID100004539,Norfloxacin,S01AX12
CID100004542,Levonorgestrel,G03AC03
CID100004543,Nortriptyline,N06AA10
CID100004547,Repaglinide,A10BX02
CID100004568,Nystatin,A07AA02
CID100004568,Nystatin,D01AA01
CID100004568,Nystatin,G01AA01
CID100004583,Ofloxacin,J01MA01
CID100004583,Ofloxacin,J01MA12
CID100004583,Ofloxacin,S01AX11
CID100004583,Ofloxacin,S01AX19
CID100004583,Ofloxacin,S02AA16
CID100004585,Olanzapine,N05AH03
CID100004594,Omeprazole,A02BC01
CID100004594,Omeprazole,A02BC05
CID100004595,Ondansetron,A04AA01
CID100004599,Orlistat,A08AB01
CID100004601,Orphenadrine,M03BC01
CID100004601,Orphenadrine,N04AB02
CID100004603,Oseltamivir,J05AH02
CID100004607,Oxacillin,J01CF04
CID100004609,Oxaliplatin,L01XA03
CID100004614,Oxaprozin,M01AE12
CID100004616,Oxazepam,N05BA04
CID100004623,Oxiconazole,D01AC11
CID100004623,Oxiconazole,G01AF17
CID100004631,Oxprenolol,C07AA02
CID100004634,Oxybutynin,G04BD04
CID100004635,Oxycodone,N02AA05
CID100004638,Oxymetholone,A14AA05
CID100004639,Oxymorphone,
CID100004649,Apas,J04AA01
CID100004649,Apas,J04AA02
CID100004666,Paclitaxel,L01CD01
CID100004673,Pamidronate,M05BA03
CID100004675,Pancuronium,M03AC01
CID100004678,Dexpanthenol,A11HA30
CID100004678,Dexpanthenol,D03AX03
CID100004678,Dexpanthenol,S01XA12
CID100004679,Pantoprazole,A02BC02
CID100004680,Papaverine,A03AD01
CID100004680,Papaverine,G04BE02
CID100004689,Paromomycin,A07AA06
CID100004691,Paroxetine,N06AB05
CID100004695,Isosulfan,
CID100004724,Penbutolol,C07AA23
CID100004725,Penciclovir,D06BB06
CID100004725,Penciclovir,J05AB13
CID100004727,D-Penicillamine,M01CC01
CID100004730,Penicillin,J01CE02
CID100004735,Pentamidine,
CID100004736,Pentazocine,N02AD01
CID100004737,Pentobarbital,N05CA01
CID100004739,Pentostatin,L01XX08
CID100004740,Pentoxifylline,C04AD03
CID100004745,Pergolide,N04BC02
CID100004746,Perhexiline,C08EX02
CID100004747,Propericiazine,N05AC01
CID100004748,Perphenazine,N05AB03
CID100004756,Phenylazo,G04BX06
CID100004763,Phenobarbital,N03AA02
CID100004768,Phenoxybenzamine,C04AX02
CID100004771,Phentermine,A08AA01
CID100004775,4-Pba,A16AX03
CID100004782,Phenylephrine,C01CA06
CID100004782,Phenylephrine,R01AA04
CID100004782,Phenylephrine,R01AB01
CID100004782,Phenylephrine,R01BA03
CID100004782,Phenylephrine,S01FB01
CID100004782,Phenylephrine,S01GA05
CID100004786,Phenylpropanolamine,A08AA07
CID100004786,Phenylpropanolamine,R01BA01
CID100004810,Moxonidine,C02AC05
CID100004811,Physostigmine,S01EB05
CID100004811,Physostigmine,V03AB19
CID100004812,Vitamin,B02BA01
CID100004819,Pilocarpine,N07AX01
CID100004819,Pilocarpine,S01EB01
CID100004828,Pindolol,C07AA03
CID100004829,Pioglitazone,A10BG03
CID100004834,Piperacillin,J01CA12
CID100004845,Pirbuterol,R03AC08
CID100004845,Pirbuterol,R03CC07
CID100004865,Podophyllotoxin,D06BB04
CID100004868,Polymyxin,A07AA05
CID100004868,Polymyxin,J01XB02
CID100004868,Polymyxin,S01AA18
CID100004868,Polymyxin,S02AA11
CID100004868,Polymyxin,S03AA03
CID100004870,Polythiazide,C03AA05
CID100004885,Pramipexole,N04BC05
CID100004889,Pravastatin,C10AA03
CID100004891,Praziquantel,P02BA01
CID100004893,Prazosin,C02CA01
CID100004894,Prednisolone,A07EA01
CID100004894,Prednisolone,C05AA04
CID100004894,Prednisolone,D07AA03
CID100004894,Prednisolone,D07XA02
CID100004894,Prednisolone,H02AB06
CID100004894,Prednisolone,R01AD02
CID100004894,Prednisolone,S01BA04
CID100004894,Prednisolone,S01CB02
CID100004894,Prednisolone,S02BA03
CID100004894,Prednisolone,S03BA02
CID100004895,Prednisolone,
CID100004896,Prednisolone,
CID100004900,Prednisone,A07EA03
CID100004900,Prednisone,H02AB07
CID100004906,Prilocaine,N01BB04
CID100004908,Primaquine,P01BA03
CID100004909,Primidone,N03AA03
CID100004911,Probenecid,M04AB01
CID100004913,Procainamide,C01BA02
CID100004914,Procaine,C05AD05
CID100004914,Procaine,N01BA02
CID100004914,Procaine,S01HA05
CID100004915,Procarbazine,L01XB01
CID100004917,Prochlorperazine,N05AB04
CID100004920,Progesterone,G03DA04
CID100004923,Proguanil,P01BB01
CID100004927,Promethazine,D04AA10
CID100004927,Promethazine,R06AD02
CID100004932,Propafenone,C01BC03
CID100004934,Propantheline,A03AB05
CID100004935,Proparacaine,S01HA04
CID100004943,Propofol,N01AX10
CID100004946,Propranolol,C07AA05
CID100004976,Protriptyline,N06AA11
CID100004989,Pyrantel,P02CC01
CID100004991,Pyridostigmine,N07AA02
CID100004992,Mepyramine,D04AA02
CID100004992,Mepyramine,R06AC01
CID100004993,Pyrimethamine,P01BD01
CID100004999,Quazepam,N05CD10
CID100005002,Quetiapine,N05AH04
CID100005005,Quinapril,C09AA06
CID100005029,Rabeprazole,A02BC04
CID100005029,Rabeprazole,M01AA05
CID100005029,Rabeprazole,M02AA03
CID100005032,Ephedrine,R01AA03
CID100005032,Ephedrine,R01AB05
CID100005032,Ephedrine,R01BA02
CID100005032,Ephedrine,R03CA02
CID100005032,Ephedrine,S01FB02
CID100005035,Raloxifene,G03XC01
CID100005038,Ramipril,C09AA05
CID100005039,Ranitidine,A02BA02
CID100005040,Rapamycin,L04AA10
CID100005051,Rescinnamine,C02AA01
CID100005052,Reserpine,C02AA02
CID100005064,Ribavirin,J05AB04
CID100005070,Riluzole,N07XX02
CID100005071,Rimantadine,J05AC02
CID100005073,Risperidone,N05AX08
CID100005076,Ritonavir,J05AE03
CID100005077,Rivastigmine,N06DA03
CID100005078,Rizatriptan,N02CC04
CID100005090,Rofecoxib,M01AH02
CID100005095,Ropinirole,N04BC04
CID100005106,Roxithromycin,J01FA06
CID100005152,Salmeterol,R03AC12
CID100005155,Stavudine,J05AF04
CID100005161,Salsalate,N02BA06
CID100005184,Scopolamine,A04AD01
CID100005184,Scopolamine,N05CM05
CID100005184,Scopolamine,S01FA02
CID100005193,Secobarbital,N05CA06
CID100005195,Deprenyl,N04BD01
CID100005203,Sertraline,N06AB06
CID100005206,Sevoflurane,N01AB08
CID100005210,Sibutramine,A08AA10
CID100005212,Sildenafil,G04BE03
CID100005214,Silver,D06BA01
CID100005215,Sulfadiazine,J01EC02
CID100005238,Sodium,V09FX04
CID100005245,Risedronate,M05BA07
CID100005248,Sodium,
CID100005253,Sotalol,C07AA07
CID100005257,Sparfloxacin,J01MA09
CID100005267,Spironolactone,C03DA01
CID100005291,Imatinib,L01XE01
CID100005297,Streptomycin,A07AA04
CID100005297,Streptomycin,J01GA01
CID100005300,Streptozotocin,L01AD04
CID100005311,Vorinostat,L01XX38
CID100005314,Succinylcholine,M03AB01
CID100005318,Sulconazole,D01AC09
CID100005320,Sulfacetamide,S01AB04
CID100005329,Sulfamethoxazole,J01EC01
CID100005333,Sulfonamide,D06BA05
CID100005333,Sulfonamide,J01EB06
CID100005352,Sulindac,M01AB02
CID100005358,Sumatriptan,N02CC01
CID100005359,Suprofen,M01AE07
CID100005372,Tacrolimus,D11AH01
CID100005372,Tacrolimus,L04AD02
CID100005376,Tamoxifen,L02BA01
CID100005379,Gatifloxacin,J01MA16
CID100005379,Gatifloxacin,S01AX21
CID100005381,Tazarotene,D05AX05
CID100005391,Temazepam,N05CD07
CID100005394,Temozolomide,L01AX03
CID100005396,Teniposide,L01CB02
CID100005401,Terazosin,G04CA03
CID100005402,Terbinafine,D01AE15
CID100005402,Terbinafine,D01BA02
CID100005403,Terbutaline,R03AC03
CID100005403,Terbutaline,R03CC03
CID100005404,Terconazole,G01AG02
CID100005407,Testolactone,
CID100005408,Testosterone,G03BA03
CID100005409,Testosterone,
CID100005410,Testosterone,
CID100005411,Tetracaine,C05AD02
CID100005411,Tetracaine,D04AB06
CID100005411,Tetracaine,N01BA03
CID100005411,Tetracaine,S01HA03
CID100005419,Tetrahydrozoline,R01AA06
CID100005419,Tetrahydrozoline,R01AB03
CID100005419,Tetrahydrozoline,S01GA02
CID100005426,Thalidomide,L04AX02
CID100005430,Thiabendazole,D01AC06
CID100005430,Thiabendazole,P02CA02
CID100005452,Thioridazine,N05AC02
CID100005453,Thiotepa,L01AC01
CID100005454,Thiothixene,N05AF04
CID100005466,Tiagabine,N03AG06
CID100005468,Tiaprofenic,M01AE11
CID100005470,Tibolone,G03CX01
CID100005472,Ticlopidine,B01AC05
CID100005478,Timolol,C07AA06
CID100005478,Timolol,S01ED01
CID100005479,Tinidazole,J01XD02
CID100005479,Tinidazole,P01AB02
CID100005483,Tiopronin,R05CB12
CID100005486,Tirofiban,B01AC17
CID100005487,Tizanidine,M03BX02
CID100005496,Tobramycin,J01GB01
CID100005496,Tobramycin,S01AA12
CID100005503,Tolazamide,A10BB05
CID100005505,Tolbutamide,A10BB03
CID100005505,Tolbutamide,V04CA01
CID100005508,Tolmetin,M01AB03
CID100005508,Tolmetin,M02AA21
CID100005512,Tolterodine,G04BD07
CID100005514,Topiramate,N03AX11
CID100005515,Topotecan,L01XX17
CID100005516,Toremifene,L02BA02
CID100005523,Tramadol,N02AX02
CID100005524,Tramazoline,R01AA09
CID100005525,Trandolapril,C09AA10
CID100005526,Tranexamic,B02AA02
CID100005530,Tranylcypromine,N06AF04
CID100005533,Trazodone,A06AC07
CID100005533,Trazodone,N06AX05
CID100005538,Retinoic,D10AD01
CID100005538,Retinoic,D10AD04
CID100005538,Retinoic,D10BA01
CID100005538,Retinoic,D11AX19
CID100005538,Retinoic,L01XX14
CID100005538,Retinoic,L01XX22
CID100005544,Triamcinolone,A01AC01
CID100005544,Triamcinolone,D07AB09
CID100005544,Triamcinolone,D07XB02
CID100005544,Triamcinolone,H02AB08
CID100005544,Triamcinolone,R01AD11
CID100005544,Triamcinolone,R03BA06
CID100005544,Triamcinolone,S01BA05
CID100005546,Triamterene,C03DB02
CID100005556,Triazolam,N05CD05
CID100005564,Triclosan,D08AE04
CID100005564,Triclosan,D09AA06
CID100005565,Trien,
CID100005566,Trifluoperazine,N05AB06
CID100005572,Trihexyphenidyl,N04AA01
CID100005576,Trimethadione,N03AC02
CID100005577,Trimethobenzamide,
CID100005578,Trimethoprim,J01EA01
CID100005582,Trimetrexate,P01AX07
CID100005584,Trimipramine,N06AA06
CID100005591,Troglitazone,A10BG01
CID100005593,Tropicamide,S01FA06
CID100005595,Tropisetron,A04AA03
CID100005596,Trospium,G04BD09
CID100005625,Delavirdine,J05AG02
CID100005636,Unoprostone,S01EE02
CID100005645,Udca,A05AA01
CID100005645,Udca,A05AA02
CID100005647,Vacv,J05AB11
CID100005650,Valsartan,C09CA03
CID100005651,Vancocine,A07AA09
CID100005651,Vancocine,J01XA01
CID100005656,Venlafaxine,N06AX16
CID100005665,Vigabatrin,N03AG04
CID100005672,Vinorelbine,L01CA04
CID100005717,Zafirlukast,R03DC01
CID100005718,Zalcitabine,J05AF03
CID100005719,Zaleplon,N05CF03
CID100005721,Zanamivir,J05AH01
CID100005726,Zidovudine,J05AF01
CID100005726,Zidovudine,S01AD05
CID100005727,Zncl2,B05XA12
CID100005731,Zolmitriptan,N02CC03
CID100005732,Zolpidem,N05CF02
CID100005734,Zonisamide,N03AX15
CID100005735,Zopiclone,N05CF01
CID100005735,Zopiclone,N05CF04
CID100005746,Mitomycin,L01DC03
CID100005771,Oxytocin,H01BB02
CID100005775,Phentolamine,C04AB01
CID100005775,Phentolamine,G04BE05
CID100005877,Demethyl,
CID100005878,Oxandrolone,A14AA08
CID100005939,Biguanide,
CID100005978,Vincristine,L01CA02
CID100006018,Tetrabenazine,N07XX06
CID100006049,Edta,V03AB03
CID100006058,Cysteamine,A16AA04
CID100006116,Calcium,
CID100006238,17-Hydroxyprogesterone,G03DA03
CID100006256,Trifluorothymidine,S01AD02
CID100006432,Optison,
CID100006436,Triamcinolone,
CID100006451,Bromcresol,
CID100006468,Phencyclidine,
CID100006476,Methsuximide,N03AD03
CID100006503,Tris,B05BB03
CID100006503,Tris,B05XX02
CID100006726,Cyclizine,R06AE03
CID100007012,Phenylbutyric,
CID100007029,Diethylpropion,A08AA03
CID100007187,Benzoyl,D10AE01
CID100007638,Monobenzone,D11AX13
CID100007699,Benzonatate,R05DB01
CID100008197,Tetraen,
CID100008230,Argenine,H01BA06
CID100008612,Chloroprocaine,N01BA04
CID100008982,Nafcillin,
CID100009034,Methohexital,N01AF01
CID100009034,Methohexital,N05CA15
CID100009354,Dimercaptosuccinic,
CID100009433,Aminophylline,R03DA05
CID100009904,Nandrolone,A14AB01
CID100009904,Nandrolone,S01XA11
CID100010100,Propoxyphene,N02AC04
CID100010340,Sodium,B05CB04
CID100010340,Sodium,B05XA02
CID100010413,Hydroxybutyrate,N01AX11
CID100010413,Hydroxybutyrate,N07XX04
CID100010547,Echothiophate,S01EB03
CID100010631,Medroxyprogesterone,G03AC06
CID100010631,Medroxyprogesterone,G03DA02
CID100010631,Medroxyprogesterone,L02AB02
CID100010660,Dimenhydrinate,
CID100011125,Lithium,
CID100011973,Brolene,
CID100012453,Zuclopenthixol,N05AF02
CID100012453,Zuclopenthixol,N05AF05
CID100012460,Phendimetrazine,
CID100012536,Desonide,D07AB08
CID100012536,Desonide,S01BA11
CID100012555,Benzydamine,A01AD02
CID100012555,Benzydamine,G02CC03
CID100012555,Benzydamine,M01AX07
CID100012555,Benzydamine,M02AA05
CID100012559,Erythromycin,
CID100012597,Isomannide,
CID100012620,Tadenan,D06BB11
CID100013314,Lormetazepam,N05CD06
CID100013342,Vinblastine,L01CA01
CID100014789,Ferumoxytol,
CID100014888,Arsenic,L01XX27
CID100014917,Fluoride,
CID100015232,Benzathine,J01CE08
CID100015459,Metaxalone,
CID100016124,Methylene,
CID100016230,Amiloride,C03DB01
CID100016362,Pimozide,N05AG02
CID100016533,Betamethasone,
CID100016850,Fluorescein,S01JA01
CID100016886,5-Aza-2'-Deoxycytidine,L01BC08
CID100017358,Sonovue,V08DA05
CID100018140,Estramustine,L01XX11
CID100019090,Megestrol,G03AC05
CID100019090,Megestrol,G03DB02
CID100019090,Megestrol,L02AB01
CID100020585,Choline,R03DA02
CID100020969,Clocortolone,D07AB21
CID100021800,Betamethasone,
CID100021945,Methenamine,
CID100022258,Hydrocodone,R05DA03
CID100022318,Gold,M01CB01
CID100022502,Procaine,J01CE09
CID100023703,Ogen,
CID100023897,Molindone,N05AE02
CID100023925,Fe(Iii,
CID100023926,Lanthanum,
CID100023951,Samarium,
CID100023954,Silver,D08AL30
CID100023954,Silver,S01AX02
CID100023957,Technetium-99M,
CID100023976,Chromium,
CID100023978,Copper,
CID100023982,Gadolinium,
CID100023993,Yttrium,
CID100023994,Zinc,
CID100024087,Selenium,D01AE13
CID100024414,Barium,
CID100024424,Zinc,A12CB01
CID100024450,Potassium,
CID100024642,Tlcl,
CID100024706,Triphasil,
CID100024748,Glucose,
CID100024841,Iodide,
CID100025419,Clodronate,M05BA02
CID100025959,Prussian,V03AB31
CID100027304,Hmdp,
CID100027400,Pizotifen,N02CX01
CID100027661,Isosorbide-5-Mononitrate,C01DA14
CID100027991,Desmopressin,H01BA02
CID100027993,Conjugated,G03CA57
CID100028332,Propoxyphene,
CID100028486,Lithium,N05AN01
CID100029089,Chlorhexidine,
CID100030623,Dexrazoxane,V03AF02
CID100031072,Carbimazole,H03BB01
CID100031264,Paraldehyde,N05CC05
CID100031378,Fludrocortisone,H02AA02
CID100031477,Metipranolol,S01ED04
CID100032169,Articaine,N01BB08
CID100032281,Protirelin,H01AB01
CID100032281,Protirelin,V04CJ01
CID100032281,Protirelin,V04CJ02
CID100032603,Clindamycin,
CID100032797,Clobetasol,D07AD01
CID100032800,Asp-Tyr(So3H)-Met-Gly-Trp-Met-Asp-Phe-Nh2,V04CC03
CID100034312,Oxcarbazepine,N03AF02
CID100036339,Etomidate,N01AX07
CID100036523,Gonadorelin,H01CA01
CID100036523,Gonadorelin,V04CM01
CID100036811,Dobutamine,C01CA07
CID100037392,Halofantrine,P01BX01
CID100037720,Pentosan,C05BA04
CID100038904,Carboplatin,L01XA02
CID100039042,Bezafibrate,C10AB02
CID100039507,Rimexolone,H02AB12
CID100039507,Rimexolone,S01BA13
CID100039524,Stiripentol,N03AX17
CID100039764,Vecuronium,M03AC03
CID100039860,Nabilone,A04AD11
CID100040159,Permethrin,P03AC04
CID100040632,Pirfenidone,
CID100040703,Pinaverium,A03AX04
CID100040973,Desogestrel,G03AC09
CID100040976,Implanon,G03AC08
CID100041317,Acitretin,D05BB02
CID100041684,Nitazoxanide,P01AX11
CID100041693,Sufentanil,N01AH03
CID100041744,Valrubicin,L01DB09
CID100041774,Acarbose,A10BF01
CID100041781,Torasemide,C03CA04
CID100042113,Desflurane,N01AB07
CID100042395,Westcort,
CID100042615,Supremon,L02AE01
CID100042955,Misoprostol,A02BB01
CID100042955,Misoprostol,G02AD06
CID100044563,Lodoxamide,
CID100044564,Lodoxamide,S01GX05
CID100045469,Sodium,
CID100047319,Atracurium,M03AC04
CID100047320,Cisatracurium,M03AC11
CID100047419,Cefuroxime,
CID100047471,Butoconazole,G01AF15
CID100047528,Nicorandil,C01DX16
CID100047640,Naftifine,D01AE22
CID100047725,Goserelin,L02AE03
CID100050294,Nedocromil,R01AC07
CID100050294,Nedocromil,R03BC03
CID100050294,Nedocromil,S01GX04
CID100050614,Cefotetan,J01DC05
CID100051263,Alfentanil,N01AH02
CID100051577,Miglitol,A10BF02
CID100051634,Miglustat,A16AX06
CID100052421,Prednicarbate,D07AC18
CID100054158,Mebrofenin,
CID100054313,Iloprost,B01AC11
CID100054331,Fosfomycin,
CID100054373,Octreotide,H01CB02
CID100054454,Simvastatin,C10AA01
CID100054547,Cefpodoxime,J01DD13
CID100054688,Clarithromycin,J01FA09
CID100054786,Treprostinil,B01AC21
CID100054808,Loteprednol,S01BA14
CID100054840,Atomoxetine,N06BA09
CID100054949,Nsc,
CID100055331,Moexiprilat,
CID100055466,Gd-Dtpa,V08CA01
CID100055480,Milnacipran,N06AX17
CID100056338,Fosphenytoin,N03AB05
CID100056959,Ranolazine,C01EB18
CID100057166,Photofrin,
CID100057469,Imiquimod,D06BB10
CID100057537,Rotigotine,N04BC09
CID100057697,Pemirolast,
CID100059708,Levetiracetam,N03AX14
CID100059768,Esmolol,C07AB09
CID100060146,Tamsulosin,G04CA02
CID100060164,Adapalene,D10AD03
CID100060172,Adefovir,
CID100060183,Perindopril,
CID100060184,Perindopril,C09AA04
CID100060198,Exemestane,L02BG06
CID100060490,Zileuton,
CID100060496,Amlodipine,
CID100060612,Dexmedetomidine,N05CM18
CID100060613,Cidofovir,J05AB12
CID100060668,Etoposide,
CID100060695,Rocuronium,M03AC09
CID100060706,Meropenem,J01DH02
CID100060714,Gadoteridol,V08CA04
CID100060726,Bromfenac,S01BC11
CID100060751,Mthpc,L01XD05
CID100060752,Ibutilide,C01BD05
CID100060754,Gadodiamide,V08CA03
CID100060787,Saquinavir,J05AE01
CID100060795,Aripiprazole,N05AX12
CID100060814,Remifentanil,N01AH06
CID100060830,Tiotropium,R03BB04
CID100060834,Duloxetine,N06AX21
CID100060843,Pemetrexed,L01BA04
CID100060852,Ibandronate,M05BA06
CID100060853,Ziprasidone,N05AE04
CID100060860,Metaiodobenzylguanidine,
CID100060864,Olopatadine,R01AC08
CID100060864,Olopatadine,S01GX09
CID100060867,Levosimendan,C01CX08
CID100060871,Adefovir,J05AF08
CID100060877,Emtricitabine,J05AF09
CID100060878,Eprosartan,C09CA02
CID100060936,Tiludronate,M05BA05
CID100060953,Capecitabine,L01BC06
CID100061475,Sodium,
CID100061799,Monomethylfumarate,
CID100062305,Doxycycline,
CID100062358,Ammonium,
CID100062816,Colestipol,C10AC02
CID100062819,Metrodin,G03GA04
CID100062924,Fluticasone,D07AC17
CID100062924,Fluticasone,R01AD08
CID100062924,Fluticasone,R03BA05
CID100062956,Fosinoprilat,
CID100062959,Trovafloxacin,J01MA13
CID100062965,Beclomethasone,
CID100063001,Benazeprilat,
CID100064147,Valganciclovir,J05AB14
CID100064778,Meropenem,
CID100064929,Fenofibric,
CID100064987,Tenofovir,
CID100065014,Amd3100,L03AX16
CID100065157,Testosterone,
CID100065281,Cas,D06AX05
CID100065281,Cas,J01XX10
CID100065281,Cas,R02AB04
CID100065370,Glat,
CID100065628,Bendamustine,L01AA09
CID100065840,Colestimide,
CID100065856,Reboxetine,N06AX18
CID100065863,Sertaconazole,D01AC14
CID100065866,Lercanidipine,C08CA13
CID100065999,Telmisartan,C09CA07
CID100068613,Atosiban,G02CX01
CID100068740,Zoledronic,M05BA08
CID100068844,Brinzolamide,S01EC04
CID100069512,Malvidin,
CID100071158,Acamprosate,N07BB03
CID100071273,Ropivacaine,N01BB09
CID100071301,Nebivolol,C07AB12
CID100071316,Mivacurium,M03AC10
CID100071329,Dofetilide,C01BD04
CID100071348,Lanreotide,H01CB03
CID100071360,Iloperidone,
CID100071362,Hoe,C01EB19
CID100071406,Tpgs,A11HA08
CID100071436,Lutalyse,
CID100071469,Erythromycin,
CID100071616,Voriconazole,J02AC03
CID100072022,Perindoprilat,
CID100072054,Darifenacin,G04BD10
CID100072081,Terlipressin,H01BA04
CID100072111,Rifaximin,A07AA11
CID100072111,Rifaximin,D06AX11
CID100072466,Bleomycin,L01DC01
CID100072938,Gemifloxacin,J01MA15
CID100073303,Doripenem,J01DH04
CID100073658,Telithromycin,J01FA15
CID100074989,Atovaquone,P01AX06
CID100077992,Frovatriptan,N02CC07
CID100077993,Eletriptan,N02CC06
CID100077996,Paricalcitol,H05BX02
CID100077997,Mk-462,
CID100077998,Rosiglitazone,A10BG02
CID100078032,Vallergan,
CID100082146,Bexarotene,L01XX25
CID100082148,Agomelatine,N06AX22
CID100083030,Ge-132,L04AA02
CID100083513,Barium,
CID100083606,Strontium,
CID100084003,Ketorolac,
CID100091488,Fluocinolone,
CID100093860,Bortezomib,L01XX32
CID100096312,Nelarabine,L01BB07
CID100102258,Rasburicase,M04AX01
CID100102258,Rasburicase,V03AF07
CID100102399,Dextran,B05AA05
CID100104741,Ici,L02BA03
CID100104758,Raltitrexed,L01BA03
CID100104778,Levodopa/Carbidopa,
CID100104799,Fotemustine,L01AD05
CID100104849,Rimonabant,A08AX01
CID100104865,Bosentan,C02KX01
CID100105145,68Ga,
CID100107694,Diane-35,
CID100107969,Fty720,
CID100107994,Quinaprilat,
CID100110634,Vardenafil,G04BE09
CID100110635,Tadalafil,G04BE08
CID100114709,Eslicarbazepine,N03AF04
CID100115237,Paliperidone,N05AX13
CID100115355,Ntbc,A16AX04
CID100119182,Clofarabine,L01BB06
CID100119212,Benzylpenicilloyl,
CID100119607,Valdecoxib,M01AH03
CID100119828,Parecoxib,M01AH04
CID100119830,Tenofovir,J05AF07
CID100121396,N-Carbamylglutamate,A16AA05
CID100121749,Ustekinumab,L04AC05
CID100121892,Retigabine,
CID100122197,Fp-Cit,V09AB03
CID100122316,Rasagiline,N04BD02
CID100123015,Su5416,B02BX04
CID100123597,Travoprost,S01EE04
CID100123606,Almotriptan,N02CC05
CID100123610,Eptifibatide,B01AC16
CID100123611,Fondaparinux,B01AX05
CID100123619,Etoricoxib,M01AH05
CID100123620,Mometasone,D07AC13
CID100123620,Mometasone,D07XC03
CID100123620,Mometasone,R01AD09
CID100123620,Mometasone,R03BA07
CID100123623,Cancidas,J02AX04
CID100123631,Gefitinib,L01XE02
CID100123634,Trisequens,
CID100123809,Madopar,
CID100124087,Desloratadine,R06AX27
CID100125017,Desvenlafaxine,N06AX23
CID100125889,Pregabalin,N03AX16
CID100127909,Bimatoprost,S01EE03
CID100128549,Trandolaprilat,
CID100129228,Rufinamide,N03AF03
CID100129806,Rosuvastatin,C10AA07
CID100130564,Esomeprazole,
CID100130881,Olmesartan,C09CA08
CID100131535,Fosamprenavir,J05AE07
CID100132804,Pitavastatin,C10AA08
CID100132971,Abiraterone,
CID100132999,Ivabradine,C01EB17
CID100134018,Febuxostat,M04AA03
CID100134019,Pixantrone,
CID100134780,Pomalidomide,
CID100135113,Sacrosidase,A16AB06
CID100145068,Nitric,R07AX01
CID100147740,Drospirenone,
CID100147912,Posaconazole,J02AC04
CID100148121,Pralatrexate,L01BA05
CID100148127,Ospemifene,
CID100148191,Temsirolimus,L01XE09
CID100148192,Atazanavir,J05AE08
CID100148211,Palonosetron,A04AA05
CID100150310,Eplerenone,C03DA04
CID100150311,Ezetimibe,C10AX09
CID100150610,Ertapenem,J01DH03
CID100151075,Nepafenac,S01BC10
CID100151165,Aprepitant,A04AD12
CID100151171,Conivaptan,C03XA02
CID100152945,Dutasteride,G04CB02
CID100153941,Entecavir,J05AF10
CID100153994,Clevidipine,
CID100154058,Solifenacin,G04BD08
CID100154256,Bazedoxifene,G03XC02
CID100156326,Asenapine,N05AH05
CID100156418,Cinacalcet,H05BX01
CID100157429,Gadopentetate,
CID100157688,Vinflunine,L01CA05
CID100157920,Lubiprostone,A06AX03
CID100157921,Methyl,L01XD03
CID100158781,Olmesartan,
CID100158786,Pegaptanib,
CID100159247,Sevelamer,
CID100160036,Mndpdp,
CID100160051,Colesevelam,C10AC04
CID100160352,Zidovudine/Lamivudine,
CID100163296,Tipranavir,J05AE09
CID100166548,Anidulafungin,J02AX06
CID100168625,Poly(Styrene,V03AE01
CID100168924,Lanthanum,V03AE03
CID100170361,Varenicline,N07BA03
CID100171558,Kaluril,
CID100176870,Erlotinib,L01XE03
CID100179344,Eslicarbazepine,
CID100185457,S-Benzoylmercaptoacetyltriglycine,
CID100192155,Prednefrin,
CID100193962,Etravirine,J05AG04
CID100197281,Gadobenate,V08CA08
CID100197712,Ambrisentan,C02KX02
CID100206527,L-Dmp,
CID100208898,Dronedarone,
CID100208902,Ramelteon,N05CH02
CID100208908,Lapatinib,L01XE07
CID100208920,Nuvaring,
CID100213023,Dabigatran,B01AE07
CID100213039,Darunavir,J05AE10
CID100213046,Lurasidone,
CID100214339,Luliconazole,
CID100216209,Aliskiren,C09XA02
CID100216210,Dabigatran,
CID100216235,Sitaxsentan,C02KX03
CID100216237,Tolvaptan,C03XA01
CID100216239,Sorafenib,L01XE05
CID100216258,Colimycin,
CID100216326,Lenalidomide,L04AX04
CID100216416,Lasofoxifene,
CID100219024,Regadenoson,C01EB21
CID100219078,Lacosamide,N03AX18
CID100219084,Gd-Eob-Dtpa,V08CA10
CID100219090,Fosaprepitant,
CID100222786,Cortisone,H02AB10
CID100222786,Cortisone,S01BA03
CID100315411,18F-Fdg,
CID100358641,Trimethoprim-Sulfamethoxazole,J01EE01
CID100441332,Carboprost,G02AD04
CID100441382,Natamycin,A01AB10
CID100441382,Natamycin,A07AA03
CID100441382,Natamycin,D01AA02
CID100441382,Natamycin,G01AA02
CID100441382,Natamycin,S01AA10
CID100443379,Cas,
CID100444006,Cefditoren,J01DD16
CID100444013,Gadoversetamide,V08CA06
CID100444033,Ciclesonide,R03BA08
CID100449193,Roflumilast,R03DX07
CID100455658,Hemin,
CID100477468,Fk463,J02AX05
CID100483407,Maraviroc,J05AX09
CID100489129,Efinaconazole,
CID100517045,Sodium,B05XA08
CID100644241,Nilotinib,L01XE08
CID100656628,Silodosin,G04CA04
CID100656892,Tmc207,
CID100657298,Propylthiouracil,H03BA02
CID100667490,6-Mercaptopurine,L01BB02
CID101349907,Methimazole,H03BB02
CID102723601,6-Thioguanine,L01BB03
CID102761171,Ethionamide,J04AD03
CID103006171,Rilpivirine,
CID103010818,D-Telaprevir,
CID103038497,Fospropofol,
CID103052762,Prucalopride,A03AE04
CID103055172,Pimecrolimus,D11AH02
CID103062316,Dasatinib,L01XE06
CID103080904,Estrofem,
CID103081276,Fluticasone/Salmeterol,
CID103081361,Vandetanib,
CID103081362,Telavancin,J01XA03
CID103081884,Copolymer,L03AX13
CID103085017,Sevelamer,V03AE02
CID103086257,Photofrin,L01XD01
CID103086685,Axitinib,
CID103086686,Sunitinib,L01XE04
CID103325225,Alx,H05AA03
CID104369359,Sitagliptin,A10BH01
CID104474778,2-Hydroxysuccinaldehyde,B03XA01
CID104479094,Doxercalciferol,H05BX03
CID104479097,Hydroxocobalamin,B03BA03
CID104479097,Hydroxocobalamin,V03AB33
CID104517618,Sodium,V03AB08
CID104630253,Alclometasone,D07AB10
CID104630253,Alclometasone,S01BA10
CID104659568,Entacapone,N04BX02
CID104659569,Tolcapone,N04BX01
CID105001396,Warfarin,B01AA03
CID105251896,Vildagliptin,A10BH02
CID105273759,Abacavir-Lamivudine,
CID105277135,Elvitegravir,
CID105281007,Dacarbazine,L01AX04
CID105310993,Acipimox,C10AD06
CID105311167,Halobetasol,
CID105327147,Polyoxyethylene,
CID105328940,Bosutinib,
CID105353894,Pralidoxime,V03AB04
CID105353980,Sulfasalazine,A07EC01
CID105359596,Arsenic,
CID105360237,Paroven,
CID105361912,Rifabutin,J04AB04
CID105361917,Methylnaltrexone,A06AH01
CID105362070,Balsalazide,A07EC04
CID105362420,Verteporfin,S01LA01
CID105381226,Rifampicin,J04AB02
CID105462337,Olsalazine,A07EC03
CID105464096,Ramiprilat,
CID105479141,Cgp,L03AX15
CID105487068,Mersyndol,
CID105487301,Tegaserod,A03AE02
CID105488383,Ofatumumab,L01XC10
CID105488547,Alvimopan,A06AH02
CID105493381,Deferasirox,V03AC03
CID106102852,Gadobutrol,V08CA09
CID106323497,Rifapentine,J04AB05
CID106326970,Selenium,D11AC03
CID106328144,Radium,
CID106328526,Ac1O3Ha7,
CID106331630,Eribulin,
CID106333887,Auranofin,M01CB03
CID106398970,Cefdinir,J01DD15
CID106433082,Hexaminolevulinate,
CID106433091,Tapentadol,N02AX06
CID106433101,Tafluprost,S01EE05
CID106433117,Indacaterol,R03AC18
CID106433119,Rivaroxaban,B01AX06
CID106435110,Ivermectin,P02CF01
CID106437075,Timentin,
CID106440191,Fidaxomicin,
CID106442177,Everolimus,L01XE10
CID106442177,Everolimus,L04AA18
CID106445540,Ixabepilone,L01DC04
CID106452749,Locorten,
CID106453361,Sativex,
CID106477186,Delamanid,
CID106850789,Iron,B03AB02
CID106850789,Iron,B03AC02
CID106850791,Leuprorelin,
CID106918182,Strontium,M05BX03
CID106918313,Vilazodone,
CID106918366,Fosaprepitant,
CID106918430,Ceftobiprole,
CID106918456,Prasugrel,B01AC22
CID106918462,Retapamulin,D06AX13
CID106918558,Fesoterodine,G04BD11
CID106918584,Sugammadex,V03AB35
CID106918638,Belinostat,
CID106918670,Pep005,
CID109794842,Tasimelteon,
CID109800339,Olodaterol,
CID109810131,Ceftaroline,
CID109811221,Cabazitaxel,
CID109812414,Dalteparin,B01AB04
CID109812414,Dalteparin,B01AB06
CID109812414,Dalteparin,B01AB07
CID109812414,Dalteparin,B01AB08
CID109812414,Dalteparin,B01AB10
CID109812414,Dalteparin,B01AB12
CID109815559,Trans,B01AD01
CID109818231,Tofacitinib,
CID109825285,Azilsartan,
CID109831414,Lovaza,
CID109831761,Irbesartan-Hydrochlorothiazide,
CID109831783,Stalevo,
CID109846180,Eltrombopag,B02BX05
CID109853053,Lomitapide,
CID109854489,Fluticasone,R01AD12
CID109865528,Mirabegron,
CID109869929,Avanafil,
CID109871419,Ticagrelor,
CID109887712,Dapagliflozin,
CID109898619,Depreotide,
CID109912092,Apremilast,
CID109924495,Perampanel,
CID109930048,Vernakalant,
CID109940864,Benicar-Hct,
CID109941444,Som230,
CID109966051,Lu,
CID110028615,Vorapaxar,
CID110096344,Linagliptin,
CID110107393,18F-Flutemetamol,
CID110113978,Pazopanib,L01XE11
CID110163178,Afatinib,
CID110178705,Besifloxacin,
CID110182969,Apixaban,
CID110324367,Boceprevir,
CID110465263,Lorcaserin,
CID110482134,Glycerol,
CID111001318,Tafamidis,
CID111020241,Ascorbate,A11GA01
CID111020241,Ascorbate,B03AA10
CID111020241,Ascorbate,G01AD03
CID111020241,Ascorbate,S01XA15
CID111163584,Alogliptin,A10BH04
CID111167602,Regorafenib,
CID111228026,Aclidinium,
CID111234049,Tr-700,
CID111235728,Saxagliptin,A10BH03
CID111238823,Azilsartan,
CID111254352,Sodium,
CID111304743,Riociguat,
CID111499245,An2690,
CID111501341,Florbetaben,
CID111505907,Zyprexa,
CID111519069,Umeclidinium,
CID111531537,Eliglustat,
CID111556711,Carfilzomib,
CID111593706,Sevelamer,
CID111597571,Crizotinib,
CID111597697,Lisdexamfetamine,
CID111672461,Gadofosveset,V08CA11
CID111707110,Trametinib,
CID111722286,Spinosad,
CID111947681,Nitroprusside,C02DD01
CID111949646,Empagliflozin,
CID111979316,Vasopressin,H01BA01
CID113559279,Ulipristal,
CID115951529,Mdv3100,
CID116004692,Macitentan,
CID116065945,Tmc435,
CID116126651,Pci-32765,
CID116129616,Salmon,H05BA01
CID116129616,Salmon,H05BA02
CID116129616,Salmon,H05BA03
CID116129617,Cosyntropin,H01AA02
CID116129629,Ly146032,J01XX09
CID116129632,Nuvocid,J01XA05
CID116129665,Vitrum,V04CK01
CID116129672,Insulin,A10AB01
CID116129672,Insulin,A10AB02
CID116129672,Insulin,A10AB03
CID116129672,Insulin,A10AC01
CID116129672,Insulin,A10AC02
CID116129672,Insulin,A10AC03
CID116129672,Insulin,A10AD01
CID116129672,Insulin,A10AD02
CID116129672,Insulin,A10AD03
CID116129672,Insulin,A10AE01
CID116129672,Insulin,A10AE02
CID116129672,Insulin,A10AE03
CID116129672,Insulin,A10AF01
CID116129682,Forteo,H05AA02
CID116129690,Ziconotide,N02BG08
CID116129701,T-A2-3,
CID116129703,Revasc,B01AE01
CID116129704,Bivalirudin,B01AE06
CID116130199,Enfuvirtide,J05AX07
CID116130295,Bpti,B02AB01
CID116130957,Org,H01CC01
CID116131215,Abarelix,L02BX01
CID116131310,Hepatitis,
CID116132265,Acth(1-39,H01AA01
CID116132283,Glucagon,H04AA01
CID116132344,Ocrh,V04CD04
CID116132418,Novolog,A10AB05
CID116132418,Novolog,A10AD05
CID116132438,Humalog,A10AB04
CID116132438,Humalog,A10AC04
CID116132438,Humalog,A10AD04
CID116132441,Refludan,B01AE02
CID116132446,Symlin,A10BX05
CID116134956,Liraglutide,A10BX07
CID116136245,Degarelix,L02BX02
CID116137271,Insulin,A10AE05
CID116139342,Lyxumia,
CID116139605,Teduglutide,
CID116156130,Exenatide,A10BX04
CID116158207,Linaclotide,
CID116158473,O291,
CID116213095,Pentastarch,B05AA07
CID116220172,Ivacaftor,
CID117754772,Ruxolitinib,
CID119371515,Alcaftadine,
CID122834577,Nesiritide,C01DX19
CID123668479,Raltegravir,J05AX08
CID123689036,Pertechnetate,
CID123690938,Piroxicam,M01AC01
CID123690938,Piroxicam,M02AA07
CID123690938,Piroxicam,S01BC06
CID124762228,Azarga,
CID124776445,Vismodegib,
CID124812758,Canagliflozin,
CID124822371,Florbetapir,
CID124826799,Ponatinib,
CID124838347,Glucagon,
CID124846132,Hetastarch,
CID124950485,Cobicistat,
CID124965990,Suvorexant,
CID125074470,Triptorelin,L02AE04
CID125074886,Cetrorelix,H01CC02
CID125077405,Nafarelin,H01CA02
CID125077993,Histrelin,H01CA03
CID125094462,Sofosbuvir,
CID125102847,Cabozantinib,
CID125880656,Doxycycline,A01AB22
CID125880656,Doxycycline,J01AA02
CID125880664,Tetracycline,A01AB13
CID125880664,Tetracycline,D06AA04
CID125880664,Tetracycline,J01AA07
CID125880664,Tetracycline,S01AA09
CID125880664,Tetracycline,S02AA08
CID125880664,Tetracycline,S03AA02
CID126275995,Minocycline,A01AB23
CID126275995,Minocycline,J01AA08
CID140468184,Acenocoumarol,B01AA07
CID142611257,Vemurafenib,
CID144134877,Oxytetracycline,D06AA03
CID144134877,Oxytetracycline,G01AA07
CID144134877,Oxytetracycline,J01AA06
CID144134877,Oxytetracycline,S01AA04
CID144146714,Lantus,A10AE04
CID144201342,Tesamorelin,
CID144201343,Ecallantide,
CID144462760,Dabrafenib,
CID144564107,Mipomersen,
CID144564722,Promacta,
CID144567678,Dalbavancin,J01XA04
CID146181941,Signifor,
CID146216142,Dolutegravir,
CID151508717,Tenoxicam,M01AC02
CID151601240,Demeclocycline,D06AA01
CID151601240,Demeclocycline,J01AA01
CID153477714,Heparin,B01AB01
CID153477714,Heparin,C05BA03
CID153477714,Heparin,S01XA14
CID153627505,Hydroxypropyl,
CID154677977,A77,
CID154681041,Tigecycline,J01AA12
CID154682541,Doxycycline,
CID154687131,Lymecycline,J01AA04
CID156603655,Pegaptanib,S01LA03
CID156842239,N-3,
CID170683024,X,
CID170695640,Colestyramine,C10AC01
CID171306834,K779,L03AB05
