drug_id,drug_name
CID100000085,Carnitine
CID100000119,Gamma-Aminobutyric
CID100000137,5-Aminolevulinic
CID100000143,Leucovorin
CID100000146,5-Methyltetrahydrofolate
CID100000158,Pge2
CID100000159,Prostacyclin
CID100000160,Prostaglandin
CID100000175,Acetate
CID100000187,Acetylcholine
CID100000191,Adenosine
CID100000206,Glucose
CID100000214,Pge1
CID100000222,Ammonia
CID100000232,Arginine
CID100000244,Benzyl
CID100000247,Betaine
CID100000271,Calcium
CID100000297,Graphene
CID100000298,Chloramphenicol
CID100000303,Bile
CID100000305,Choline
CID100000311,Citric
CID100000312,Chloride
CID100000338,Salicylate
CID100000401,D-Cycloserine
CID100000444,Bupropion
CID100000450,Estradiol
CID100000453,Mannitol
CID100000564,Eaca
CID100000581,N-Acetylcysteine
CID100000596,Cytarabine
CID100000598,Mesna
CID100000612,Lactate
CID100000679,Dmso
CID100000681,Dopamine
CID100000698,Estrone
CID100000699,Oestrogen
CID100000700,Monoethanolamine
CID100000727,Lindane
CID100000738,Glutamine
CID100000750,Glycine
CID100000753,Glycerol
CID100000767,Bicarbonate
CID100000772,Lmwh
CID100000774,Histamine
CID100000785,Quinol
CID100000813,Potassium
CID100000815,Kanamycin
CID100000838,Epinephrine
CID100000853,Thyroxine
CID100000861,Triiodothyronine
CID100000888,Magnesium
CID100000896,Melatonin
CID100000923,Sodium
CID100000937,Niacin
CID100000942,Nicotine
CID100000946,Nitrite
CID100000948,Nitrous
CID100000951,Norepinephrine
CID100000961,Hydroxyl
CID100001003,Phosphate
CID100001046,Pyrazinamide
CID100001054,Pyridoxine
CID100001065,Quinidine
CID100001071,Retinol
CID100001084,Thiosulfate
CID100001125,Tetrahydrobiopterin
CID100001130,Thiamine
CID100001134,Thymidine
CID100001206,Methamphetamine
CID100001301,Naproxen
CID100001546,Cladribine
CID100001690,Doxorubicin
CID100001727,4-Ap
CID100001775,Phenytoin
CID100001798,Methazolamide
CID100001805,5-Azacytidine
CID100001875,Methylprednisolone
CID100001971,Abacavir
CID100001972,Amphotericin
CID100001978,Acebutolol
CID100001983,Acetaminophen
CID100001986,Acetazolamide
CID100001990,Acetohydroxamic
CID100001993,Methacholine
CID100002019,Actinomycin
CID100002021,Spectinomycin
CID100002022,Acyclovir
CID100002082,Albendazole
CID100002083,Salbutamol
CID100002085,Almeta
CID100002088,Alendronate
CID100002092,Alfuzosin
CID100002094,Allopurinol
CID100002099,Alosetron
CID100002118,Alprazolam
CID100002123,Hexamethylmelamine
CID100002130,Amantadine
CID100002133,Amcinonide
CID100002140,Diatrizoate
CID100002141,Amifostine
CID100002142,Amikacin
CID100002145,Aminoglutethimide
CID100002148,P-Aminohippurate
CID100002153,Theophylline
CID100002156,Amiodarone
CID100002159,Amisulpride
CID100002160,Amitriptyline
CID100002161,Amlexanox
CID100002162,Amlodipine
CID100002163,Amobarbital
CID100002168,Amorolfine
CID100002170,Amoxapine
CID100002171,Amoxicillin
CID100002173,Ampicillin
CID100002177,Amprenavir
CID100002179,Amsacrine
CID100002182,Anagrelide
CID100002187,Anastrozole
CID100002215,Apomorphine
CID100002216,Apraclonidine
CID100002232,Argatroban
CID100002244,Aspirin
CID100002249,Atenolol
CID100002250,Atorvastatin
CID100002265,Azathioprine
CID100002266,Azelaic
CID100002267,Azelastine
CID100002269,Azithromycin
CID100002274,Aztreonam
CID100002284,Baclofen
CID100002307,Beclomethasone
CID100002308,Beclomethasone
CID100002311,Benazepril
CID100002315,Bendrofluazide
CID100002337,Benzocaine
CID100002341,Benzphetamine
CID100002344,Benztropine
CID100002345,Benzyl
CID100002349,Penicillin
CID100002350,Bepotastine
CID100002351,Bepridil
CID100002366,Betahistine
CID100002367,Dexamethasone
CID100002369,Betaxolol
CID100002370,Bethanechol
CID100002375,Bicalutamide
CID100002391,Bisacodyl
CID100002405,Bisoprolol
CID100002431,Bretylium
CID100002435,Brimonidine
CID100002441,Bromazepam
CID100002442,Bromhexine
CID100002443,Bromocriptine
CID100002462,Budesonide
CID100002471,Bumetanide
CID100002474,Bupivacaine
CID100002476,Buprenorphine
CID100002477,Buspirone
CID100002478,Busulfan
CID100002479,Butabarbital
CID100002484,Butenafine
CID100002487,Butorphanol
CID100002512,Cabergoline
CID100002519,Caffeine
CID100002520,Verapamil
CID100002522,Calcipotriol
CID100002524,"1,25(Oh)2D3"
CID100002540,Candesartan
CID100002541,Candesartan
CID100002547,Capreomycin
CID100002548,Capsaicin
CID100002550,Captopril
CID100002551,Carbachol
CID100002554,Carbamazepine
CID100002559,Carbenicillin
CID100002563,Carbidopa
CID100002564,Carbinoxamine
CID100002576,Carisoprodol
CID100002578,Bcnu
CID100002583,Carteolol
CID100002585,Carvedilol
CID100002609,Cefaclor
CID100002610,Cefadroxil
CID100002617,Cefazolin
CID100002622,Cefepime
CID100002631,Cefotaxime
CID100002637,Cefoxitin
CID100002646,Cefprozil
CID100002650,Ceftazidime
CID100002654,Cephem
CID100002655,Ceftizoxime
CID100002656,Ceftriaxone
CID100002658,Cefuroxime
CID100002662,Celecoxib
CID100002663,Celiprolol
CID100002666,Cephalexin
CID100002675,Cefixime
CID100002676,Cerivastatin
CID100002678,Cetirizine
CID100002684,Cevimeline
CID100002708,Chlorambucil
CID100002712,Chlordiazepoxide
CID100002713,Chlorhexidine
CID100002719,Chloroquine
CID100002720,Thiazide
CID100002725,Chlorpheniramine
CID100002726,Chlorpromazine
CID100002727,Chlorpropamide
CID100002732,Chlorthalidone
CID100002733,Chlorzoxazone
CID100002749,Ciclopirox
CID100002751,Cilazapril
CID100002754,Cilostazol
CID100002756,Cimetidine
CID100002762,Cinoxacin
CID100002764,Ciprofloxacin
CID100002767,Cisplatin
CID100002771,Citalopram
CID100002781,Clemastine
CID100002786,Clindamycin
CID100002789,Clobazam
CID100002791,Clobetasol
CID100002792,Clobetasone
CID100002794,Clofazimine
CID100002800,Clomiphene
CID100002801,Clomipramine
CID100002802,Clonazepam
CID100002803,Clonidine
CID100002806,Clopidogrel
CID100002809,Clorazepate
CID100002812,Clotrimazole
CID100002818,Clozapine
CID100002826,Cocaine
CID100002828,Codeine
CID100002833,Colchicine
CID100002881,Sodium
CID100002883,Crotamiton
CID100002891,Cyanocobalamin
CID100002895,Cyclobenzaprine
CID100002905,Cyclopentolate
CID100002907,Cyclophosphamide
CID100002909,V
CID100002913,Cyproheptadine
CID100002914,Cyproterone
CID100002949,Danazol
CID100002951,Dantrolene
CID100002955,Dapsone
CID100002958,Anthracycline
CID100002972,Deferiprone
CID100002973,Deferoxamine
CID100002978,Delta
CID100002995,Desipramine
CID100003000,Desoximetasone
CID100003003,Dexamethasone
CID100003007,Amphetamine
CID100003008,Dextromethorphan
CID100003009,Dfmo
CID100003015,Cyproterone
CID100003016,Diazepam
CID100003019,Diazoxide
CID100003032,Diclofenac
CID100003038,Dichlorphenamide
CID100003040,Dicloxacillin
CID100003042,Dicyclomine
CID100003043,Didanosine
CID100003053,Diethylenetriaminepentaacetic
CID100003056,Diflorasone
CID100003059,Diflunisal
CID100003060,Epitopic
CID100003062,Digoxin
CID100003063,Dihydrocodeine
CID100003066,Dihydroergotamine
CID100003075,Diltiazem
CID100003080,Dimercaprol
CID100003100,Diphenhydramine
CID100003105,Dipivefrin
CID100003108,Dipyridamole
CID100003114,Disopyramide
CID100003117,Disulfiram
CID100003121,Valproate
CID100003125,Alpha-Methyl-P-Tyrosine
CID100003143,Docetaxel
CID100003148,Dolasetron
CID100003151,Domperidone
CID100003152,Donepezil
CID100003154,Dorzolamide
CID100003155,Dothiepin
CID100003156,Doxapram
CID100003157,Doxazosin
CID100003158,Doxepin
CID100003168,Droperidol
CID100003171,L-Threo-Dops
CID100003182,Dyphylline
CID100003198,Econazole
CID100003199,Trabectedin
CID100003202,Edrophonium
CID100003203,Efavirenz
CID100003209,Eicosapentaenoic
CID100003219,Emedastine
CID100003222,Cas
CID100003226,Enflurane
CID100003241,Epinastine
CID100003249,Vitamin
CID100003250,Ergonovine
CID100003251,Ergotamine
CID100003255,Erythromycin
CID100003256,Monomycin
CID100003261,Estazolam
CID100003263,Estradiol
CID100003267,Estradiol
CID100003268,Estramustine
CID100003269,Estriol
CID100003278,Ethacrynic
CID100003279,Ethambutol
CID100003291,Ethosuximide
CID100003292,Ethotoin
CID100003305,Etidronate
CID100003308,Etodolac
CID100003310,Etoposide
CID100003324,Famciclovir
CID100003325,Famotidine
CID100003331,Felbamate
CID100003333,Felodipine
CID100003339,Fenofibrate
CID100003340,Fenoldopam
CID100003342,Fenoprofen
CID100003345,Fentanyl
CID100003348,Fexofenadine
CID100003350,Finasteride
CID100003354,Flavoxate
CID100003355,Flecainide
CID100003363,Fdurd
CID100003364,Flucloxacillin
CID100003365,Fluconazole
CID100003366,5-Fluorocytosine
CID100003367,Fludarabine
CID100003368,Famp
CID100003370,Fludrocortisone
CID100003372,Fluphenazine
CID100003373,Flumazenil
CID100003375,Flumethasone
CID100003379,Flunisolide
CID100003380,Flunitrazepam
CID100003381,Fluocinolone
CID100003382,Fluocinonide
CID100003384,Fluorometholone
CID100003385,5-Fu
CID100003386,Fluoxetine
CID100003387,Fluoxymesterone
CID100003388,Fluphenazine
CID100003392,Flurandrenolone
CID100003393,Flurazepam
CID100003394,Flurbiprofen
CID100003397,Flutamide
CID100003399,Fluticasone
CID100003403,Fluvastatin
CID100003404,Fluvoxamine
CID100003405,Folate
CID100003406,4-Methylpyrazole
CID100003410,Formoterol
CID100003414,Foscarnet
CID100003417,Fosfomycin
CID100003419,Fosinopril
CID100003425,Romidepsin
CID100003440,Furosemide
CID100003443,Fusidic
CID100003446,Gabapentin
CID100003449,Galantamine
CID100003454,Ganciclovir
CID100003461,Gemcitabine
CID100003462,Gemeprost
CID100003463,Gemfibrozil
CID100003467,Gentamicin
CID100003475,Gliclazide
CID100003476,Glimepiride
CID100003478,Glipizide
CID100003488,Glibenclamide
CID100003494,Glycopyrrolate
CID100003510,Granisetron
CID100003512,Griseofulvin
CID100003516,Guaifenesin
CID100003517,Icodextrin
CID100003519,Guanfacine
CID100003520,Guanidinium
CID100003553,Halcinonide
CID100003559,Haloperidol
CID100003598,Hexachlorophene
CID100003623,Homatropine
CID100003636,Buscopan
CID100003637,Hydralazine
CID100003639,Hydrochlorothiazide
CID100003640,Cortisol
CID100003642,Hydrocortisone
CID100003647,Hydroflumethiazide
CID100003648,Hydromorphone
CID100003652,Hydroxychloroquine
CID100003657,Hydroxyurea
CID100003658,Hydroxyzine
CID100003661,Atropine
CID100003672,Ibuprofen
CID100003675,Phenelzine
CID100003676,Lidocaine
CID100003685,Idarubicin
CID100003687,Idurd
CID100003690,Ifosfamide
CID100003696,Imipramine
CID100003702,Indapamide
CID100003706,Indinavir
CID100003715,Indomethacin
CID100003724,Iodixanol
CID100003730,Iohexol
CID100003734,Iopamidol
CID100003736,Iopromide
CID100003737,Sodium
CID100003738,Iotrolan
CID100003739,Iodipamide
CID100003741,Ioversol
CID100003742,Ioxaglate
CID100003743,Ioxilan
CID100003746,Ipratropium
CID100003749,Irbesartan
CID100003750,Irinotecan
CID100003759,Isocarboxazid
CID100003763,Isoflurane
CID100003767,Isoniazid
CID100003777,Isopropyl
CID100003779,Isoproterenol
CID100003780,Isosorbide
CID100003783,Isoxsuprine
CID100003784,Isradipine
CID100003793,Itraconazole
CID100003821,Ketamine
CID100003823,Ketoconazole
CID100003825,Ketoprofen
CID100003826,Ketorolac
CID100003827,Ketotifen
CID100003830,Cytokinin
CID100003848,Phenyllactate
CID100003869,Labetalol
CID100003872,Lactulose
CID100003877,Lamivudine
CID100003878,Lamotrigine
CID100003883,Lansoprazole
CID100003890,Latanoprost
CID100003899,Leflunomide
CID100003902,Letrozole
CID100003911,Leuprorelin
CID100003914,Levobunolol
CID100003915,Levocabastine
CID100003916,Levomepromazine
CID100003918,Dextrorphan
CID100003928,Lincomycin
CID100003929,Linezolid
CID100003937,Lisinopril
CID100003938,Lisuride
CID100003939,Lioh
CID100003948,Lomefloxacin
CID100003950,Lomustine
CID100003954,Loperamide
CID100003957,Loratadine
CID100003958,Lorazepam
CID100003961,Losartan
CID100003962,Lovastatin
CID100003964,Loxapine
CID100003998,Mafenide
CID100004004,Malathion
CID100004011,Maprotiline
CID100004030,Mebendazole
CID100004031,Mebeverine
CID100004032,Mecamylamine
CID100004033,Nitrogen
CID100004034,Monamine
CID100004036,Meclofenamate
CID100004042,Medroxyprogesterone
CID100004043,Medrysone
CID100004044,Mefenamic
CID100004046,Mefloquine
CID100004048,Megestrol
CID100004051,Meloxicam
CID100004053,Melphalan
CID100004054,Memantine
CID100004057,Cantril
CID100004058,Meperidine
CID100004060,Mephenytoin
CID100004062,Mepivacaine
CID100004064,Meprobamate
CID100004075,5-Asa
CID100004086,Metaproterenol
CID100004091,Metformin
CID100004095,Methadone
CID100004101,Methenamine
CID100004107,Methocarbamol
CID100004112,Methotrexate
CID100004114,8-Mop
CID100004120,N-Methylscopolamine
CID100004121,Methyclothiazide
CID100004138,Methyldopa
CID100004139,Methylene
CID100004140,Methylergometrine
CID100004158,Methylphenidate
CID100004159,Methylprednisolone
CID100004160,Methyltestosterone
CID100004163,Methysergide
CID100004168,Metoclopramide
CID100004170,Metolazone
CID100004171,Metoprolol
CID100004173,Metronidazole
CID100004174,Metyrapone
CID100004178,Mexiletine
CID100004184,Mianserin
CID100004189,Miconazole
CID100004192,Midazolam
CID100004195,Midodrine
CID100004196,Mifepristone
CID100004197,Milrinone
CID100004201,Minoxidil
CID100004205,Mirtazapine
CID100004211,Mitotane
CID100004212,Mitoxantrone
CID100004235,Moclobemide
CID100004236,Modafinil
CID100004240,Mometasone
CID100004248,Montelukast
CID100004253,Morphine
CID100004259,Moxifloxacin
CID100004264,Mupirocin
CID100004271,Mycophenolate
CID100004272,Mycophenolic
CID100004274,Tetrofosmin
CID100004409,Nabumetone
CID100004411,Nadolol
CID100004419,Nalbuphine
CID100004421,Nalidixic
CID100004422,Nalmefene
CID100004425,Naloxone
CID100004428,Naltrexone
CID100004432,Nandrolone
CID100004436,Naphazoline
CID100004440,Naratriptan
CID100004443,Nateglinide
CID100004449,Nefazodone
CID100004450,Nefopam
CID100004451,Nelfinavir
CID100004454,Neomycin
CID100004456,Neostigmine
CID100004463,Nevirapine
CID100004473,Nicardipine
CID100004485,Nifedipine
CID100004493,Nilutamide
CID100004497,Nimodipine
CID100004499,Nisoldipine
CID100004506,Nitrazepam
CID100004509,Nitrofurantoin
CID100004510,Nitroglycerin
CID100004513,Nizatidine
CID100004536,Norethisterone
CID100004539,Norfloxacin
CID100004542,Levonorgestrel
CID100004543,Nortriptyline
CID100004547,Repaglinide
CID100004568,Nystatin
CID100004583,Ofloxacin
CID100004585,Olanzapine
CID100004594,Omeprazole
CID100004595,Ondansetron
CID100004599,Orlistat
CID100004601,Orphenadrine
CID100004603,Oseltamivir
CID100004607,Oxacillin
CID100004609,Oxaliplatin
CID100004614,Oxaprozin
CID100004616,Oxazepam
CID100004623,Oxiconazole
CID100004631,Oxprenolol
CID100004634,Oxybutynin
CID100004635,Oxycodone
CID100004638,Oxymetholone
CID100004639,Oxymorphone
CID100004649,Apas
CID100004666,Paclitaxel
CID100004673,Pamidronate
CID100004675,Pancuronium
CID100004678,Dexpanthenol
CID100004679,Pantoprazole
CID100004680,Papaverine
CID100004689,Paromomycin
CID100004691,Paroxetine
CID100004695,Isosulfan
CID100004724,Penbutolol
CID100004725,Penciclovir
CID100004727,D-Penicillamine
CID100004730,Penicillin
CID100004735,Pentamidine
CID100004736,Pentazocine
CID100004737,Pentobarbital
CID100004739,Pentostatin
CID100004740,Pentoxifylline
CID100004745,Pergolide
CID100004746,Perhexiline
CID100004747,Propericiazine
CID100004748,Perphenazine
CID100004756,Phenylazo
CID100004763,Phenobarbital
CID100004768,Phenoxybenzamine
CID100004771,Phentermine
CID100004775,4-Pba
CID100004782,Phenylephrine
CID100004786,Phenylpropanolamine
CID100004810,Moxonidine
CID100004811,Physostigmine
CID100004812,Vitamin
CID100004819,Pilocarpine
CID100004828,Pindolol
CID100004829,Pioglitazone
CID100004834,Piperacillin
CID100004845,Pirbuterol
CID100004865,Podophyllotoxin
CID100004868,Polymyxin
CID100004870,Polythiazide
CID100004885,Pramipexole
CID100004889,Pravastatin
CID100004891,Praziquantel
CID100004893,Prazosin
CID100004894,Prednisolone
CID100004895,Prednisolone
CID100004896,Prednisolone
CID100004900,Prednisone
CID100004906,Prilocaine
CID100004908,Primaquine
CID100004909,Primidone
CID100004911,Probenecid
CID100004913,Procainamide
CID100004914,Procaine
CID100004915,Procarbazine
CID100004917,Prochlorperazine
CID100004920,Progesterone
CID100004923,Proguanil
CID100004927,Promethazine
CID100004932,Propafenone
CID100004934,Propantheline
CID100004935,Proparacaine
CID100004943,Propofol
CID100004946,Propranolol
CID100004976,Protriptyline
CID100004989,Pyrantel
CID100004991,Pyridostigmine
CID100004992,Mepyramine
CID100004993,Pyrimethamine
CID100004999,Quazepam
CID100005002,Quetiapine
CID100005005,Quinapril
CID100005029,Rabeprazole
CID100005032,Ephedrine
CID100005035,Raloxifene
CID100005038,Ramipril
CID100005039,Ranitidine
CID100005040,Rapamycin
CID100005051,Rescinnamine
CID100005052,Reserpine
CID100005064,Ribavirin
CID100005070,Riluzole
CID100005071,Rimantadine
CID100005073,Risperidone
CID100005076,Ritonavir
CID100005077,Rivastigmine
CID100005078,Rizatriptan
CID100005090,Rofecoxib
CID100005095,Ropinirole
CID100005106,Roxithromycin
CID100005152,Salmeterol
CID100005155,Stavudine
CID100005161,Salsalate
CID100005184,Scopolamine
CID100005193,Secobarbital
CID100005195,Deprenyl
CID100005203,Sertraline
CID100005206,Sevoflurane
CID100005210,Sibutramine
CID100005212,Sildenafil
CID100005214,Silver
CID100005215,Sulfadiazine
CID100005238,Sodium
CID100005245,Risedronate
CID100005248,Sodium
CID100005253,Sotalol
CID100005257,Sparfloxacin
CID100005267,Spironolactone
CID100005291,Imatinib
CID100005297,Streptomycin
CID100005300,Streptozotocin
CID100005311,Vorinostat
CID100005314,Succinylcholine
CID100005318,Sulconazole
CID100005320,Sulfacetamide
CID100005329,Sulfamethoxazole
CID100005333,Sulfonamide
CID100005352,Sulindac
CID100005358,Sumatriptan
CID100005359,Suprofen
CID100005372,Tacrolimus
CID100005376,Tamoxifen
CID100005379,Gatifloxacin
CID100005381,Tazarotene
CID100005391,Temazepam
CID100005394,Temozolomide
CID100005396,Teniposide
CID100005401,Terazosin
CID100005402,Terbinafine
CID100005403,Terbutaline
CID100005404,Terconazole
CID100005407,Testolactone
CID100005408,Testosterone
CID100005409,Testosterone
CID100005410,Testosterone
CID100005411,Tetracaine
CID100005419,Tetrahydrozoline
CID100005426,Thalidomide
CID100005430,Thiabendazole
CID100005452,Thioridazine
CID100005453,Thiotepa
CID100005454,Thiothixene
CID100005466,Tiagabine
CID100005468,Tiaprofenic
CID100005470,Tibolone
CID100005472,Ticlopidine
CID100005478,Timolol
CID100005479,Tinidazole
CID100005483,Tiopronin
CID100005486,Tirofiban
CID100005487,Tizanidine
CID100005496,Tobramycin
CID100005503,Tolazamide
CID100005505,Tolbutamide
CID100005508,Tolmetin
CID100005512,Tolterodine
CID100005514,Topiramate
CID100005515,Topotecan
CID100005516,Toremifene
CID100005523,Tramadol
CID100005524,Tramazoline
CID100005525,Trandolapril
CID100005526,Tranexamic
CID100005530,Tranylcypromine
CID100005533,Trazodone
CID100005538,Retinoic
CID100005544,Triamcinolone
CID100005546,Triamterene
CID100005556,Triazolam
CID100005564,Triclosan
CID100005565,Trien
CID100005566,Trifluoperazine
CID100005572,Trihexyphenidyl
CID100005576,Trimethadione
CID100005577,Trimethobenzamide
CID100005578,Trimethoprim
CID100005582,Trimetrexate
CID100005584,Trimipramine
CID100005591,Troglitazone
CID100005593,Tropicamide
CID100005595,Tropisetron
CID100005596,Trospium
CID100005625,Delavirdine
CID100005636,Unoprostone
CID100005645,Udca
CID100005647,Vacv
CID100005650,Valsartan
CID100005651,Vancocine
CID100005656,Venlafaxine
CID100005665,Vigabatrin
CID100005672,Vinorelbine
CID100005717,Zafirlukast
CID100005718,Zalcitabine
CID100005719,Zaleplon
CID100005721,Zanamivir
CID100005726,Zidovudine
CID100005727,Zncl2
CID100005731,Zolmitriptan
CID100005732,Zolpidem
CID100005734,Zonisamide
CID100005735,Zopiclone
CID100005746,Mitomycin
CID100005771,Oxytocin
CID100005775,Phentolamine
CID100005877,Demethyl
CID100005878,Oxandrolone
CID100005939,Biguanide
CID100005978,Vincristine
CID100006018,Tetrabenazine
CID100006049,Edta
CID100006058,Cysteamine
CID100006116,Calcium
CID100006238,17-Hydroxyprogesterone
CID100006256,Trifluorothymidine
CID100006432,Optison
CID100006436,Triamcinolone
CID100006451,Bromcresol
CID100006468,Phencyclidine
CID100006476,Methsuximide
CID100006503,Tris
CID100006726,Cyclizine
CID100007012,Phenylbutyric
CID100007029,Diethylpropion
CID100007187,Benzoyl
CID100007638,Monobenzone
CID100007699,Benzonatate
CID100008197,Tetraen
CID100008230,Argenine
CID100008612,Chloroprocaine
CID100008982,Nafcillin
CID100009034,Methohexital
CID100009354,Dimercaptosuccinic
CID100009433,Aminophylline
CID100009904,Nandrolone
CID100010100,Propoxyphene
CID100010340,Sodium
CID100010413,Hydroxybutyrate
CID100010547,Echothiophate
CID100010631,Medroxyprogesterone
CID100010660,Dimenhydrinate
CID100011125,Lithium
CID100011973,Brolene
CID100012453,Zuclopenthixol
CID100012460,Phendimetrazine
CID100012536,Desonide
CID100012555,Benzydamine
CID100012559,Erythromycin
CID100012597,Isomannide
CID100012620,Tadenan
CID100013314,Lormetazepam
CID100013342,Vinblastine
CID100014789,Ferumoxytol
CID100014888,Arsenic
CID100014917,Fluoride
CID100015232,Benzathine
CID100015459,Metaxalone
CID100016124,Methylene
CID100016230,Amiloride
CID100016362,Pimozide
CID100016533,Betamethasone
CID100016850,Fluorescein
CID100016886,5-Aza-2'-Deoxycytidine
CID100017358,Sonovue
CID100018140,Estramustine
CID100019090,Megestrol
CID100020585,Choline
CID100020969,Clocortolone
CID100021800,Betamethasone
CID100021945,Methenamine
CID100022258,Hydrocodone
CID100022318,Gold
CID100022502,Procaine
CID100023703,Ogen
CID100023897,Molindone
CID100023925,Fe(Iii
CID100023926,Lanthanum
CID100023951,Samarium
CID100023954,Silver
CID100023957,Technetium-99M
CID100023976,Chromium
CID100023978,Copper
CID100023982,Gadolinium
CID100023993,Yttrium
CID100023994,Zinc
CID100024087,Selenium
CID100024414,Barium
CID100024424,Zinc
CID100024450,Potassium
CID100024642,Tlcl
CID100024706,Triphasil
CID100024748,Glucose
CID100024841,Iodide
CID100025419,Clodronate
CID100025959,Prussian
CID100027304,Hmdp
CID100027400,Pizotifen
CID100027661,Isosorbide-5-Mononitrate
CID100027991,Desmopressin
CID100027993,Conjugated
CID100028332,Propoxyphene
CID100028486,Lithium
CID100029089,Chlorhexidine
CID100030623,Dexrazoxane
CID100031072,Carbimazole
CID100031264,Paraldehyde
CID100031378,Fludrocortisone
CID100031477,Metipranolol
CID100032169,Articaine
CID100032281,Protirelin
CID100032603,Clindamycin
CID100032797,Clobetasol
CID100032800,Asp-Tyr(So3H)-Met-Gly-Trp-Met-Asp-Phe-Nh2
CID100034312,Oxcarbazepine
CID100036339,Etomidate
CID100036523,Gonadorelin
CID100036811,Dobutamine
CID100037392,Halofantrine
CID100037720,Pentosan
CID100038904,Carboplatin
CID100039042,Bezafibrate
CID100039507,Rimexolone
CID100039524,Stiripentol
CID100039764,Vecuronium
CID100039860,Nabilone
CID100040159,Permethrin
CID100040632,Pirfenidone
CID100040703,Pinaverium
CID100040973,Desogestrel
CID100040976,Implanon
CID100041317,Acitretin
CID100041684,Nitazoxanide
CID100041693,Sufentanil
CID100041744,Valrubicin
CID100041774,Acarbose
CID100041781,Torasemide
CID100042113,Desflurane
CID100042395,Westcort
CID100042615,Supremon
CID100042955,Misoprostol
CID100044563,Lodoxamide
CID100044564,Lodoxamide
CID100045469,Sodium
CID100047319,Atracurium
CID100047320,Cisatracurium
CID100047419,Cefuroxime
CID100047471,Butoconazole
CID100047528,Nicorandil
CID100047640,Naftifine
CID100047725,Goserelin
CID100050294,Nedocromil
CID100050614,Cefotetan
CID100051263,Alfentanil
CID100051577,Miglitol
CID100051634,Miglustat
CID100052421,Prednicarbate
CID100054158,Mebrofenin
CID100054313,Iloprost
CID100054331,Fosfomycin
CID100054373,Octreotide
CID100054454,Simvastatin
CID100054547,Cefpodoxime
CID100054688,Clarithromycin
CID100054786,Treprostinil
CID100054808,Loteprednol
CID100054840,Atomoxetine
CID100054949,Nsc
CID100055331,Moexiprilat
CID100055466,Gd-Dtpa
CID100055480,Milnacipran
CID100056338,Fosphenytoin
CID100056959,Ranolazine
CID100057166,Photofrin
CID100057469,Imiquimod
CID100057537,Rotigotine
CID100057697,Pemirolast
CID100059708,Levetiracetam
CID100059768,Esmolol
CID100060146,Tamsulosin
CID100060164,Adapalene
CID100060172,Adefovir
CID100060183,Perindopril
CID100060184,Perindopril
CID100060198,Exemestane
CID100060490,Zileuton
CID100060496,Amlodipine
CID100060612,Dexmedetomidine
CID100060613,Cidofovir
CID100060668,Etoposide
CID100060695,Rocuronium
CID100060706,Meropenem
CID100060714,Gadoteridol
CID100060726,Bromfenac
CID100060751,Mthpc
CID100060752,Ibutilide
CID100060754,Gadodiamide
CID100060787,Saquinavir
CID100060795,Aripiprazole
CID100060814,Remifentanil
CID100060830,Tiotropium
CID100060834,Duloxetine
CID100060843,Pemetrexed
CID100060852,Ibandronate
CID100060853,Ziprasidone
CID100060860,Metaiodobenzylguanidine
CID100060864,Olopatadine
CID100060867,Levosimendan
CID100060871,Adefovir
CID100060877,Emtricitabine
CID100060878,Eprosartan
CID100060936,Tiludronate
CID100060953,Capecitabine
CID100061475,Sodium
CID100061799,Monomethylfumarate
CID100062305,Doxycycline
CID100062358,Ammonium
CID100062816,Colestipol
CID100062819,Metrodin
CID100062924,Fluticasone
CID100062956,Fosinoprilat
CID100062959,Trovafloxacin
CID100062965,Beclomethasone
CID100063001,Benazeprilat
CID100064147,Valganciclovir
CID100064778,Meropenem
CID100064929,Fenofibric
CID100064987,Tenofovir
CID100065014,Amd3100
CID100065157,Testosterone
CID100065281,Cas
CID100065370,Glat
CID100065628,Bendamustine
CID100065840,Colestimide
CID100065856,Reboxetine
CID100065863,Sertaconazole
CID100065866,Lercanidipine
CID100065999,Telmisartan
CID100068613,Atosiban
CID100068740,Zoledronic
CID100068844,Brinzolamide
CID100069512,Malvidin
CID100071158,Acamprosate
CID100071273,Ropivacaine
CID100071301,Nebivolol
CID100071316,Mivacurium
CID100071329,Dofetilide
CID100071348,Lanreotide
CID100071360,Iloperidone
CID100071362,Hoe
CID100071406,Tpgs
CID100071436,Lutalyse
CID100071469,Erythromycin
CID100071616,Voriconazole
CID100072022,Perindoprilat
CID100072054,Darifenacin
CID100072081,Terlipressin
CID100072111,Rifaximin
CID100072466,Bleomycin
CID100072938,Gemifloxacin
CID100073303,Doripenem
CID100073658,Telithromycin
CID100074989,Atovaquone
CID100077992,Frovatriptan
CID100077993,Eletriptan
CID100077996,Paricalcitol
CID100077997,Mk-462
CID100077998,Rosiglitazone
CID100078032,Vallergan
CID100082146,Bexarotene
CID100082148,Agomelatine
CID100083030,Ge-132
CID100083513,Barium
CID100083606,Strontium
CID100084003,Ketorolac
CID100091488,Fluocinolone
CID100093860,Bortezomib
CID100096312,Nelarabine
CID100102258,Rasburicase
CID100102399,Dextran
CID100104741,Ici
CID100104758,Raltitrexed
CID100104778,Levodopa/Carbidopa
CID100104799,Fotemustine
CID100104849,Rimonabant
CID100104865,Bosentan
CID100105145,68Ga
CID100107694,Diane-35
CID100107969,Fty720
CID100107994,Quinaprilat
CID100110634,Vardenafil
CID100110635,Tadalafil
CID100114709,Eslicarbazepine
CID100115237,Paliperidone
CID100115355,Ntbc
CID100119182,Clofarabine
CID100119212,Benzylpenicilloyl
CID100119607,Valdecoxib
CID100119828,Parecoxib
CID100119830,Tenofovir
CID100121396,N-Carbamylglutamate
CID100121749,Ustekinumab
CID100121892,Retigabine
CID100122197,Fp-Cit
CID100122316,Rasagiline
CID100123015,Su5416
CID100123597,Travoprost
CID100123606,Almotriptan
CID100123610,Eptifibatide
CID100123611,Fondaparinux
CID100123619,Etoricoxib
CID100123620,Mometasone
CID100123623,Cancidas
CID100123631,Gefitinib
CID100123634,Trisequens
CID100123809,Madopar
CID100124087,Desloratadine
CID100125017,Desvenlafaxine
CID100125889,Pregabalin
CID100127909,Bimatoprost
CID100128549,Trandolaprilat
CID100129228,Rufinamide
CID100129806,Rosuvastatin
CID100130564,Esomeprazole
CID100130881,Olmesartan
CID100131535,Fosamprenavir
CID100132804,Pitavastatin
CID100132971,Abiraterone
CID100132999,Ivabradine
CID100134018,Febuxostat
CID100134019,Pixantrone
CID100134780,Pomalidomide
CID100135113,Sacrosidase
CID100145068,Nitric
CID100147740,Drospirenone
CID100147912,Posaconazole
CID100148121,Pralatrexate
CID100148127,Ospemifene
CID100148191,Temsirolimus
CID100148192,Atazanavir
CID100148211,Palonosetron
CID100150310,Eplerenone
CID100150311,Ezetimibe
CID100150610,Ertapenem
CID100151075,Nepafenac
CID100151165,Aprepitant
CID100151171,Conivaptan
CID100152945,Dutasteride
CID100153941,Entecavir
CID100153994,Clevidipine
CID100154058,Solifenacin
CID100154256,Bazedoxifene
CID100156326,Asenapine
CID100156418,Cinacalcet
CID100157429,Gadopentetate
CID100157688,Vinflunine
CID100157920,Lubiprostone
CID100157921,Methyl
CID100158781,Olmesartan
CID100158786,Pegaptanib
CID100159247,Sevelamer
CID100160036,Mndpdp
CID100160051,Colesevelam
CID100160352,Zidovudine/Lamivudine
CID100163296,Tipranavir
CID100166548,Anidulafungin
CID100168625,Poly(Styrene
CID100168924,Lanthanum
CID100170361,Varenicline
CID100171558,Kaluril
CID100176870,Erlotinib
CID100179344,Eslicarbazepine
CID100185457,S-Benzoylmercaptoacetyltriglycine
CID100192155,Prednefrin
CID100193962,Etravirine
CID100197281,Gadobenate
CID100197712,Ambrisentan
CID100206527,L-Dmp
CID100208898,Dronedarone
CID100208902,Ramelteon
CID100208908,Lapatinib
CID100208920,Nuvaring
CID100213023,Dabigatran
CID100213039,Darunavir
CID100213046,Lurasidone
CID100214339,Luliconazole
CID100216209,Aliskiren
CID100216210,Dabigatran
CID100216235,Sitaxsentan
CID100216237,Tolvaptan
CID100216239,Sorafenib
CID100216258,Colimycin
CID100216326,Lenalidomide
CID100216416,Lasofoxifene
CID100219024,Regadenoson
CID100219078,Lacosamide
CID100219084,Gd-Eob-Dtpa
CID100219090,Fosaprepitant
CID100222786,Cortisone
CID100315411,18F-Fdg
CID100358641,Trimethoprim-Sulfamethoxazole
CID100441332,Carboprost
CID100441382,Natamycin
CID100443379,Cas
CID100444006,Cefditoren
CID100444013,Gadoversetamide
CID100444033,Ciclesonide
CID100449193,Roflumilast
CID100455658,Hemin
CID100477468,Fk463
CID100483407,Maraviroc
CID100489129,Efinaconazole
CID100517045,Sodium
CID100644241,Nilotinib
CID100656628,Silodosin
CID100656892,Tmc207
CID100657298,Propylthiouracil
CID100667490,6-Mercaptopurine
CID101349907,Methimazole
CID102723601,6-Thioguanine
CID102761171,Ethionamide
CID103006171,Rilpivirine
CID103010818,D-Telaprevir
CID103038497,Fospropofol
CID103052762,Prucalopride
CID103055172,Pimecrolimus
CID103062316,Dasatinib
CID103080904,Estrofem
CID103081276,Fluticasone/Salmeterol
CID103081361,Vandetanib
CID103081362,Telavancin
CID103081884,Copolymer
CID103085017,Sevelamer
CID103086257,Photofrin
CID103086685,Axitinib
CID103086686,Sunitinib
CID103325225,Alx
CID104369359,Sitagliptin
CID104474778,2-Hydroxysuccinaldehyde
CID104479094,Doxercalciferol
CID104479097,Hydroxocobalamin
CID104517618,Sodium
CID104630253,Alclometasone
CID104659568,Entacapone
CID104659569,Tolcapone
CID105001396,Warfarin
CID105251896,Vildagliptin
CID105273759,Abacavir-Lamivudine
CID105277135,Elvitegravir
CID105281007,Dacarbazine
CID105310993,Acipimox
CID105311167,Halobetasol
CID105327147,Polyoxyethylene
CID105328940,Bosutinib
CID105353894,Pralidoxime
CID105353980,Sulfasalazine
CID105359596,Arsenic
CID105360237,Paroven
CID105361912,Rifabutin
CID105361917,Methylnaltrexone
CID105362070,Balsalazide
CID105362420,Verteporfin
CID105381226,Rifampicin
CID105462337,Olsalazine
CID105464096,Ramiprilat
CID105479141,Cgp
CID105487068,Mersyndol
CID105487301,Tegaserod
CID105488383,Ofatumumab
CID105488547,Alvimopan
CID105493381,Deferasirox
CID106102852,Gadobutrol
CID106323497,Rifapentine
CID106326970,Selenium
CID106328144,Radium
CID106328526,Ac1O3Ha7
CID106331630,Eribulin
CID106333887,Auranofin
CID106398970,Cefdinir
CID106433082,Hexaminolevulinate
CID106433091,Tapentadol
CID106433101,Tafluprost
CID106433117,Indacaterol
CID106433119,Rivaroxaban
CID106435110,Ivermectin
CID106437075,Timentin
CID106440191,Fidaxomicin
CID106442177,Everolimus
CID106445540,Ixabepilone
CID106452749,Locorten
CID106453361,Sativex
CID106477186,Delamanid
CID106850789,Iron
CID106850791,Leuprorelin
CID106918182,Strontium
CID106918313,Vilazodone
CID106918366,Fosaprepitant
CID106918430,Ceftobiprole
CID106918456,Prasugrel
CID106918462,Retapamulin
CID106918558,Fesoterodine
CID106918584,Sugammadex
CID106918638,Belinostat
CID106918670,Pep005
CID109794842,Tasimelteon
CID109800339,Olodaterol
CID109810131,Ceftaroline
CID109811221,Cabazitaxel
CID109812414,Dalteparin
CID109815559,Trans
CID109818231,Tofacitinib
CID109825285,Azilsartan
CID109831414,Lovaza
CID109831761,Irbesartan-Hydrochlorothiazide
CID109831783,Stalevo
CID109846180,Eltrombopag
CID109853053,Lomitapide
CID109854489,Fluticasone
CID109865528,Mirabegron
CID109869929,Avanafil
CID109871419,Ticagrelor
CID109887712,Dapagliflozin
CID109898619,Depreotide
CID109912092,Apremilast
CID109924495,Perampanel
CID109930048,Vernakalant
CID109940864,Benicar-Hct
CID109941444,Som230
CID109966051,Lu
CID110028615,Vorapaxar
CID110096344,Linagliptin
CID110107393,18F-Flutemetamol
CID110113978,Pazopanib
CID110163178,Afatinib
CID110178705,Besifloxacin
CID110182969,Apixaban
CID110324367,Boceprevir
CID110465263,Lorcaserin
CID110482134,Glycerol
CID111001318,Tafamidis
CID111020241,Ascorbate
CID111163584,Alogliptin
CID111167602,Regorafenib
CID111228026,Aclidinium
CID111234049,Tr-700
CID111235728,Saxagliptin
CID111238823,Azilsartan
CID111254352,Sodium
CID111304743,Riociguat
CID111499245,An2690
CID111501341,Florbetaben
CID111505907,Zyprexa
CID111519069,Umeclidinium
CID111531537,Eliglustat
CID111556711,Carfilzomib
CID111593706,Sevelamer
CID111597571,Crizotinib
CID111597697,Lisdexamfetamine
CID111672461,Gadofosveset
CID111707110,Trametinib
CID111722286,Spinosad
CID111947681,Nitroprusside
CID111949646,Empagliflozin
CID111979316,Vasopressin
CID113559279,Ulipristal
CID115951529,Mdv3100
CID116004692,Macitentan
CID116065945,Tmc435
CID116126651,Pci-32765
CID116129616,Salmon
CID116129617,Cosyntropin
CID116129629,Ly146032
CID116129632,Nuvocid
CID116129665,Vitrum
CID116129672,Insulin
CID116129682,Forteo
CID116129690,Ziconotide
CID116129701,T-A2-3
CID116129703,Revasc
CID116129704,Bivalirudin
CID116130199,Enfuvirtide
CID116130295,Bpti
CID116130957,Org
CID116131215,Abarelix
CID116131310,Hepatitis
CID116132265,Acth(1-39
CID116132283,Glucagon
CID116132344,Ocrh
CID116132418,Novolog
CID116132438,Humalog
CID116132441,Refludan
CID116132446,Symlin
CID116134956,Liraglutide
CID116136245,Degarelix
CID116137271,Insulin
CID116139342,Lyxumia
CID116139605,Teduglutide
CID116156130,Exenatide
CID116158207,Linaclotide
CID116158473,O291
CID116213095,Pentastarch
CID116220172,Ivacaftor
CID117754772,Ruxolitinib
CID119371515,Alcaftadine
CID122834577,Nesiritide
CID123668479,Raltegravir
CID123689036,Pertechnetate
CID123690938,Piroxicam
CID124762228,Azarga
CID124776445,Vismodegib
CID124812758,Canagliflozin
CID124822371,Florbetapir
CID124826799,Ponatinib
CID124838347,Glucagon
CID124846132,Hetastarch
CID124950485,Cobicistat
CID124965990,Suvorexant
CID125074470,Triptorelin
CID125074886,Cetrorelix
CID125077405,Nafarelin
CID125077993,Histrelin
CID125094462,Sofosbuvir
CID125102847,Cabozantinib
CID125880656,Doxycycline
CID125880664,Tetracycline
CID126275995,Minocycline
CID140468184,Acenocoumarol
CID142611257,Vemurafenib
CID144134877,Oxytetracycline
CID144146714,Lantus
CID144201342,Tesamorelin
CID144201343,Ecallantide
CID144462760,Dabrafenib
CID144564107,Mipomersen
CID144564722,Promacta
CID144567678,Dalbavancin
CID146181941,Signifor
CID146216142,Dolutegravir
CID151508717,Tenoxicam
CID151601240,Demeclocycline
CID153477714,Heparin
CID153627505,Hydroxypropyl
CID154677977,A77
CID154681041,Tigecycline
CID154682541,Doxycycline
CID154687131,Lymecycline
CID156603655,Pegaptanib
CID156842239,N-3
CID170683024,X
CID170695640,Colestyramine
CID171306834,K779
